D2042338,k7042_all_about_animal_adaptations_00057aa/h264_300k.mp4,k7042_all_about_animal_adaptations_00057aa/h264_800k.mp4,k7042_all_about_animal_adaptations_00057aa/h264_1600k.mp4
D2042346,k7122_all_about_meterology_00086aa/H264_300k_chap02.mp4,k7122_all_about_meterology_00086aa/H264_800k_chap02.mp4,k7122_all_about_meterology_00086aa/H264_1600k_chap02.mp4
D2042352,k7093_all_about_plant_adaptation_00091aa/h264_300k.mp4,k7093_all_about_plant_adaptation_00091aa/h264_800k.mp4,k7093_all_about_plant_adaptation_00091aa/h264_1600k.mp4
D2042356,K7112_All_About_Properties_of_Matter_00094AA/H264.mp4,K7112_All_About_Properties_of_Matter_00094AA/H264_800k.mp4,K7112_All_About_Properties_of_Matter_00094AA/H264_1600k.mp4
D2042358,k7113_all_about_properties_of_simple_machines_00098aa/H264_300k.mp4,k7113_all_about_properties_of_simple_machines_00098aa/H264_800K.mp4,k7113_all_about_properties_of_simple_machines_00098aa/H264_1600k.mp4
D2042360,K7062_All_About_Soil_00099AA/H264.mp4,K7062_All_About_Soil_00099AA/H264_800k.mp4,K7062_All_About_Soil_00099AA/H264_1600k.mp4
D2042438,SCC_Clothing_and_Building_Materials_08440AA/H264.mp4,SCC_Clothing_and_Building_Materials_08440AA/H264_800k.mp4,SCC_Clothing_and_Building_Materials_08440AA/H264_1600k.mp4
D2042440,SCC_Solids_and_Liquids_08443AA/H264.mp4,SCC_Solids_and_Liquids_08443AA/H264_800k.mp4,SCC_Solids_and_Liquids_08443AA/H264_1600k.mp4
D2042442,SCC_Properties_of_Materials_08445AA/H264.mp4,SCC_Properties_of_Materials_08445AA/H264_800k.mp4,SCC_Properties_of_Materials_08445AA/H264_1600k.mp4
D2042446,SCS_Chemical_Reactions_08449AA/H264.mp4,SCS_Chemical_Reactions_08449AA/H264_800k.mp4,SCS_Chemical_Reactions_08449AA/H264_1600k.mp4
D2042450,,AIR_AND_WEATHER_CA/300k.mp4,AIR_AND_WEATHER_CA/800k.mp4
D2042452,,ANIMALS2X2_CA/300k.mp4,ANIMALS2X2_CA/800k.mp4
D2042454,,BALANCE_AND_MOTION_CA/300k.mp4,BALANCE_AND_MOTION_CA/800k.mp4
D2042456,,ENVIRONMENTS_CA/300k.mp4,ENVIRONMENTS_CA/800k.mp4
D2042458,FOOD_Title_01_01/300Kbps.mp4,FOOD_Title_01_01/800k.mp4,FOOD_Title_01_01/1500Kbps.mp4
D2042460,GROW_01_Title_1/300k.mp4,GROW_01_Title_1/800k.mp4,GROW_01_Title_1/1500Kbps.mp4
D2042462,HERE_AND_THERE_Title_01_01/300k.mp4,HERE_AND_THERE_Title_01_01/800k.mp4,HERE_AND_THERE_Title_01_01/1500Kbps.mp4
D2042464,,INSECTS_AND_PLANTS_CA/300k.mp4,INSECTS_AND_PLANTS_CA/800k.mp4
D2042466,,LIVING_SYSTEMS_CA/300k.mp4,LIVING_SYSTEMS_CA/800k.mp4
D2042468,,MAGNETISM_AND_ELECTRICITY_CA/300k.mp4,MAGNETISM_AND_ELECTRICITY_CA/800k.mp4
D2042470,,MATTER_AND_ENERGY_CA/300k.mp4,MATTER_AND_ENERGY_CA/800k.mp4
D2042472,,MIXTURES_AND_SOLUTIONS_CA/300k.mp4,MIXTURES_AND_SOLUTIONS_CA/800k.mp4
D2042474,,PEBBLES_SAND_AND_SILT_CA/300k.mp4,PEBBLES_SAND_AND_SILT_CA/800k.mp4
D2042476,POLLINATION_Title_01_01/300Kbps.mp4,POLLINATION_Title_01_01/800k.mp4,POLLINATION_Title_01_01/1500Kbps.mp4
D2042478,,PLANTS_AND_ANIMALS_CA/300k.mp4,PLANTS_AND_ANIMALS_CA/800k.mp4
D2042480,POLLINATION_Title_01_01/300k.mp4,POLLINATION_Title_01_01/800k.mp4,POLLINATION_Title_01_01/1500Kbps.mp4
D2042482,,SOLIDS_AND_LIQUIDS_CA/300k.mp4,SOLIDS_AND_LIQUIDS_CA/800k.mp4
D2042484,,SOLID_EARTH_CA/300k.mp4,SOLID_EARTH_CA/800k.mp4
D2042486,,STRUCTURES_OF_LIFE_CA/300k.mp4,STRUCTURES_OF_LIFE_CA/800k.mp4
D2042488,,SUN_MOON_STARS_CA/300k.mp4,SUN_MOON_STARS_CA/800k.mp4
D2042490,,TREES_CA/300k.mp4,TREES_CA/800k.mp4
D2042492,,WATER_PLANET_CA/300k.mp4,WATER_PLANET_CA/800k.mp4
D2042494,,WOOD_AND_PAPER_CA/300k.mp4,WOOD_AND_PAPER_CA/800k.mp4
D2042496,,AIR/300k.mp4,AIR/800k.mp4
D2042498,,ANIMALS2X2/300k.mp4,ANIMALS2X2/800k.mp4
D2042500,,BALANCE/300k.mp4,BALANCE/800k.mp4
D2042502,,EARTHMAT/300k.mp4,EARTHMAT/800k.mp4
D2042504,,ENVIRONMENTS/300k.mp4,ENVIRONMENTS/800k.mp4
D2042506,,FABRIC/300k.mp4,FABRIC/800k.mp4
D2042508,,FOOD/300k.mp4,FOOD/800k.mp4
D2042510,,HUMAN/300k.mp4,HUMAN/800k.mp4
D2042512,,IDEASINVENTIONS/300k.mp4,IDEASINVENTIONS/800k.mp4
D2042514,,INSECTS_AND_PLANTS/300k.mp4,INSECTS_AND_PLANTS/800k.mp4
D2042516,,INSECTS/300k.mp4,INSECTS/800k.mp4
D2042518,,LANDFORMS/300k.mp4,LANDFORMS/800k.mp4
D2042520,,LEVERSPULLEY/300k.mp4,LEVERSPULLEY/800k.mp4
D2042522,,LIVING_SYSTEMS/300k.mp4,LIVING_SYSTEMS/800k.mp4
D2042524,,MATTER_AND_ENERGY/300k.mp4,MATTER_AND_ENERGY/800k.mp4
D2042526,,MEASUREMENT/300k.mp4,MEASUREMENT/800k.mp4
D2042528,,MEVIDEO/300k.mp4,MEVIDEO/800k.mp4
D2042530,,MIXTURES/300k.mp4,MIXTURES/800k.mp4
D2042532,,MODELS_AND_DESIGNS/300k.mp4,MODELS_AND_DESIGNS/800k.mp4
D2042534,,NEWPLANTS/300k.mp4,NEWPLANTS/800k.mp4
D2042536,,PEBBLES_SAND_AND_SILT/300k.mp4,PEBBLES_SAND_AND_SILT/800k.mp4
D2042538,,PHYSICS_OF_SOUND/300k.mp4,PHYSICS_OF_SOUND/800k.mp4
D2042540,,PLANTS_AND_ANIMALS/300k.mp4,PLANTS_AND_ANIMALS/800k.mp4
D2042542,,SOLAR_ENERGY/300k.mp4,SOLAR_ENERGY/800k.mp4
D2042544,,SOLIDS_AND_LIQUIDS/300k.mp4,SOLIDS_AND_LIQUIDS/800k.mp4
D2042546,,STRUCTURES_OF_LIFE/300k.mp4,STRUCTURES_OF_LIFE/800k.mp4
D2042548,,SUN_MOON_STARS/300k.mp4,SUN_MOON_STARS/800k.mp4
D2042550,,TREES/300k.mp4,TREES/800k.mp4
D2042552,,VARIABLES/300k.mp4,VARIABLES/800k.mp4
D2042554,,WATER/300k.mp4,WATER/800k.mp4
D2042556,,WATER_PLANET_CA/300k.mp4,WATER_PLANET_CA/800k.mp4
D2042558,,WOOD_AND_PAPER/300k.mp4,WOOD_AND_PAPER/800k.mp4
D2042560,,CHEMICAL_INTERACTIONS_MS/300k.mp4,CHEMICAL_INTERACTIONS_MS/800k.mp4
D2042562,,PLANETARY_SCIENCE_MS/300k.mp4,PLANETARY_SCIENCE_MS/800k.mp4
D2042564,,POPULATIONS_AND_ECOSYSTEMS_MS/300k.mp4,POPULATIONS_AND_ECOSYSTEMS_MS/800k.mp4
D2042566,,WEATHER_AND_WATER_MS/300k.mp4,WEATHER_AND_WATER_MS/800k.mp4
D2044626,,,FOSS_TPV_Prototype_Measurement_1-1.mp4
D2044664,k7122_all_about_meterology_00086aa/H264_300k_chap01.mp4,k7122_all_about_meterology_00086aa/H264_800k_chap01.mp4,k7122_all_about_meterology_00086aa/H264_1600k_chap01.mp4
D2044666,k7122_all_about_meterology_00086aa/H264_300k_chap02.mp4,k7122_all_about_meterology_00086aa/H264_800k_chap02.mp4,k7122_all_about_meterology_00086aa/H264_1600k_chap02.mp4
D2044668,k7122_all_about_meterology_00086aa/H264_300k_chap03.mp4,k7122_all_about_meterology_00086aa/H264_800k_chap03.mp4,k7122_all_about_meterology_00086aa/H264_1600k_chap03.mp4
D2044670,k7122_all_about_meterology_00086aa/H264_300k_chap04.mp4,k7122_all_about_meterology_00086aa/H264_800k_chap04.mp4,k7122_all_about_meterology_00086aa/H264_1600k_chap04.mp4
D2044672,k7122_all_about_meterology_00086aa/H264_300k_chap06.mp4,k7122_all_about_meterology_00086aa/H264_800k_chap06.mp4,k7122_all_about_meterology_00086aa/H264_1600k_chap06.mp4
D2044674,k7122_all_about_meterology_00086aa/H264_300k_chap07.mp4,k7122_all_about_meterology_00086aa/H264_800k_chap07.mp4,k7122_all_about_meterology_00086aa/H264_1600k_chap07.mp4
D2044676,k7122_all_about_meterology_00086aa/H264_300k_chap08.mp4,k7122_all_about_meterology_00086aa/H264_800k_chap08.mp4,k7122_all_about_meterology_00086aa/H264_1600k_chap08.mp4
D2044678,k7122_all_about_meterology_00086aa/H264_300k_chap09.mp4,k7122_all_about_meterology_00086aa/H264_800k_chap09.mp4,k7122_all_about_meterology_00086aa/H264_1600k_chap09.mp4
D2044680,k7122_all_about_meterology_00086aa/H264_300k_chap14.mp4,k7122_all_about_meterology_00086aa/H264_800k_chap14.mp4,k7122_all_about_meterology_00086aa/H264_1600k_chap14.mp4
D2044682,n6641_climate_and_season_00441aa/H264_300k_chap01.mp4,n6641_climate_and_season_00441aa/H264_800k_chap01.mp4,n6641_climate_and_season_00441aa/H264_1600k_chap01.mp4
D2044684,n6641_climate_and_season_00441aa/H264_300k_chap02.mp4,n6641_climate_and_season_00441aa/H264_800k_chap02.mp4,n6641_climate_and_season_00441aa/H264_1600k_chap02.mp4
D2044686,n6641_climate_and_season_00441aa/H264_300k_chap03.mp4,n6641_climate_and_season_00441aa/H264_800k_chap03.mp4,n6641_climate_and_season_00441aa/H264_1600k_chap03.mp4
D2044688,n6641_climate_and_season_00441aa/H264_300k_chap04.mp4,n6641_climate_and_season_00441aa/H264_800k_chap04.mp4,n6641_climate_and_season_00441aa/H264_1600k_chap04.mp4
D2044690,n6641_climate_and_season_00441aa/H264_300k_chap06.mp4,n6641_climate_and_season_00441aa/H264_800k_chap06.mp4,n6641_climate_and_season_00441aa/H264_1600k_chap06.mp4
D2044692,n6641_climate_and_season_00441aa/H264_300k_chap07.mp4,n6641_climate_and_season_00441aa/H264_800k_chap07.mp4,n6641_climate_and_season_00441aa/H264_1600k_chap07.mp4
D2044694,n6641_climate_and_season_00441aa/H264_300k_chap08.mp4,n6641_climate_and_season_00441aa/H264_800k_chap08.mp4,n6641_climate_and_season_00441aa/H264_1600k_chap08.mp4
D2044696,n6673_earths_atmosphere_00587aa/H264_300k_chap01.mp4,n6673_earths_atmosphere_00587aa/H264_800k_chap01.mp4,n6673_earths_atmosphere_00587aa/H264_1600k_chap01.mp4
D2044698,n6673_earths_atmosphere_00587aa/H264_300k_chap02.mp4,n6673_earths_atmosphere_00587aa/H264_800k_chap02.mp4,n6673_earths_atmosphere_00587aa/H264_1600k_chap02.mp4
D2044700,n6673_earths_atmosphere_00587aa/H264_300k_chap04.mp4,n6673_earths_atmosphere_00587aa/H264_800k_chap04.mp4,n6673_earths_atmosphere_00587aa/H264_1600k_chap04.mp4
D2044702,n6643_hurricanes_and_tornadoes_00895aa/H264_300k_chap01.mp4,n6643_hurricanes_and_tornadoes_00895aa/H264_800k_chap01.mp4,n6643_hurricanes_and_tornadoes_00895aa/H264_1600k_chap01.mp4
D2044704,n6643_hurricanes_and_tornadoes_00895aa/H264_300k_chap02.mp4,n6643_hurricanes_and_tornadoes_00895aa/H264_800k_chap02.mp4,n6643_hurricanes_and_tornadoes_00895aa/H264_1600k_chap02.mp4
D2044706,n6643_hurricanes_and_tornadoes_00895aa/H264_300k_chap03.mp4,n6643_hurricanes_and_tornadoes_00895aa/H264_800k_chap03.mp4,n6643_hurricanes_and_tornadoes_00895aa/H264_1600k_chap03.mp4
D2044708,n6643_hurricanes_and_tornadoes_00895aa/H264_300k_chap04.mp4,n6643_hurricanes_and_tornadoes_00895aa/H264_800k_chap04.mp4,n6643_hurricanes_and_tornadoes_00895aa/H264_1600k_chap04.mp4
D2044710,n6643_hurricanes_and_tornadoes_00895aa/H264_300k_chap05.mp4,n6643_hurricanes_and_tornadoes_00895aa/H264_800k_chap05.mp4,n6643_hurricanes_and_tornadoes_00895aa/H264_1600k_chap05.mp4
D2044712,n6643_hurricanes_and_tornadoes_00895aa/H264_300k_chap06.mp4,n6643_hurricanes_and_tornadoes_00895aa/H264_800k_chap06.mp4,n6643_hurricanes_and_tornadoes_00895aa/H264_1600k_chap06.mp4
D2044714,n6643_hurricanes_and_tornadoes_00895aa/H264_300k_chap07.mp4,n6643_hurricanes_and_tornadoes_00895aa/H264_800k_chap07.mp4,n6643_hurricanes_and_tornadoes_00895aa/H264_1600k_chap07.mp4
D2044716,n6643_hurricanes_and_tornadoes_00895aa/H264_300k_chap08.mp4,n6643_hurricanes_and_tornadoes_00895aa/H264_800k_chap08.mp4,n6643_hurricanes_and_tornadoes_00895aa/H264_1600k_chap08.mp4
D2044718,n6643_hurricanes_and_tornadoes_00895aa/H264_300k_chap09.mp4,n6643_hurricanes_and_tornadoes_00895aa/H264_800k_chap09.mp4,n6643_hurricanes_and_tornadoes_00895aa/H264_1600k_chap09.mp4
D2044720,n6643_hurricanes_and_tornadoes_00895aa/H264_300k_chap10.mp4,n6643_hurricanes_and_tornadoes_00895aa/H264_800k_chap10.mp4,n6643_hurricanes_and_tornadoes_00895aa/H264_1600k_chap10.mp4
D2044722,n6644_meteorology_01157aa/H264_300k_chap01.mp4,n6644_meteorology_01157aa/H264_800k_chap01.mp4,n6644_meteorology_01157aa/H264_1600k_chap01.mp4
D2044724,n6644_meteorology_01157aa/H264_300k_chap03.mp4,n6644_meteorology_01157aa/H264_800k_chap03.mp4,n6644_meteorology_01157aa/H264_1600k_chap03.mp4
D2044726,n6644_meteorology_01157aa/H264_300k_chap04.mp4,n6644_meteorology_01157aa/H264_800k_chap04.mp4,n6644_meteorology_01157aa/H264_1600k_chap04.mp4
D2044728,n6644_meteorology_01157aa/H264_300k_chap05.mp4,n6644_meteorology_01157aa/H264_800k_chap05.mp4,n6644_meteorology_01157aa/H264_1600k_chap05.mp4
D2044730,n6644_meteorology_01157aa/H264_300k_chap07.mp4,n6644_meteorology_01157aa/H264_800k_chap07.mp4,n6644_meteorology_01157aa/H264_1600k_chap07.mp4
D2044732,n6612_natural_resources_01231aa/H264_300k_chap02.mp4,n6612_natural_resources_01231aa/H264_800k_chap02.mp4,n6612_natural_resources_01231aa/H264_1600k_chap02.mp4
D2044734,n6612_natural_resources_01231aa/H264_300k_chap03.mp4,n6612_natural_resources_01231aa/H264_800k_chap03.mp4,n6612_natural_resources_01231aa/H264_1600k_chap03.mp4
D2044738,n6612_natural_resources_01231aa/H264_300k_chap05.mp4,n6612_natural_resources_01231aa/H264_800k_chap05.mp4,n6612_natural_resources_01231aa/H264_1600k_chap05.mp4
D2044740,n6612_natural_resources_01231aa/H264_300k_chap07.mp4,n6612_natural_resources_01231aa/H264_800k_chap07.mp4,n6612_natural_resources_01231aa/H264_1600k_chap07.mp4
D2044742,n6612_natural_resources_01231aa/H264_300k_chap08.mp4,n6612_natural_resources_01231aa/H264_800k_chap08.mp4,n6612_natural_resources_01231aa/H264_1600k_chap08.mp4
D2044744,n6614_rocks_01498aa/h264_300k_chap03.mp4,n6614_rocks_01498aa/H264_800k_chap03.mp4,n6614_rocks_01498aa/H264_1600k_chap03.mp4
D2044746,n6614_rocks_01498aa/h264_300k_chap04.mp4,n6614_rocks_01498aa/H264_800k_chap04.mp4,n6614_rocks_01498aa/H264_1600k_chap04.mp4
D2044748,n6614_rocks_01498aa/h264_300k_chap06.mp4,n6614_rocks_01498aa/H264_800k_chap06.mp4,n6614_rocks_01498aa/H264_1600k_chap06.mp4
D2044750,n6614_rocks_01498aa/h264_300k_chap07.mp4,n6614_rocks_01498aa/H264_800k_chap07.mp4,n6614_rocks_01498aa/H264_1600k_chap07.mp4
D2044752,n6615_soil_01726aa/H264_300k_chap01.mp4,n6615_soil_01726aa/H264_800k_chap01.mp4,n6615_soil_01726aa/H264_1600k_chap01.mp4
D2044754,n6615_soil_01726aa/H264_300k_chap02.mp4,n6615_soil_01726aa/H264_800k_chap02.mp4,n6615_soil_01726aa/H264_1600k_chap02.mp4
D2044756,n6618_the_water_cycle_02154aa/H264_300k_chap01.mp4,n6618_the_water_cycle_02154aa/H264_800k_chap01.mp4,n6618_the_water_cycle_02154aa/H264_1600k_chap01.mp4
D2044758,n6618_the_water_cycle_02154aa/H264_300k_chap02.mp4,n6618_the_water_cycle_02154aa/H264_800k_chap02.mp4,n6618_the_water_cycle_02154aa/H264_1600k_chap02.mp4
D2044760,n6618_the_water_cycle_02154aa/H264_300k_chap03.mp4,n6618_the_water_cycle_02154aa/H264_800k_chap03.mp4,n6618_the_water_cycle_02154aa/H264_1600k_chap03.mp4
D2044762,n6619_weathering_and_erosion_02323aa/H264_300k_chap03.mp4,n6619_weathering_and_erosion_02323aa/H264_800k_chap03.mp4,n6619_weathering_and_erosion_02323aa/H264_1600k_chap03.mp4
D2044764,n6619_weathering_and_erosion_02323aa/H264_300k_chap04.mp4,n6619_weathering_and_erosion_02323aa/H264_800k_chap04.mp4,n6619_weathering_and_erosion_02323aa/H264_1600k_chap04.mp4
D2044766,n6619_weathering_and_erosion_02323aa/H264_300k_chap05.mp4,n6619_weathering_and_erosion_02323aa/H264_800k_chap05.mp4,n6619_weathering_and_erosion_02323aa/H264_1600k_chap05.mp4
D2044768,n6619_weathering_and_erosion_02323aa/H264_300k_chap07.mp4,n6619_weathering_and_erosion_02323aa/H264_800k_chap07.mp4,n6619_weathering_and_erosion_02323aa/H264_1600k_chap07.mp4
D2044811,,,audio_story_trees_and_weather/3e.mp3
D2044813,,,audio_story_balance_and_Motion/3e_spanish.mp3
D2044815,,,audio_story_balance_and_motion/3e.mp3
D2044817,,,audio_story_energy_and_electromagnetism/3e.mp3
D2044819,,,audio_story_energy_and_electromagnetism/3e_spanish.mp3
D2044821,,,audio_story_materials_in_our_world/3e.mp3
D2044823,,,audio_story_measuring_matter/3e.mp3
D2044825,,,audio_story_measuring_matter/3e_spanish.mp3
D2044827,,,audio_story_mixtures_and_solutions/3e.mp3
D2044829,,,audio_story_pebbles_sand_and_silt/3e.mp3
D2044831,,,audio_story_pebbles_sand_and_silt/3e_spanish.mp3
D2044833,,,audio_story_soils_rocks_and_landforms/3e.mp3
D2044835,,,audio_story_soils_rocks_and_landforms/3e_spanish.mp3
D2044837,,,audio_story_solids_and_liquids/3e.mp3
D2044839,,,audio_story_water/3e.mp3
D2044841,,,audio_story_water/3e_spanish.mp3
D2044843,,,audio_story_weather_on_earth/3e.mp3
D2044845,,,audio_story_air_and_weather/3e.mp3
D2044892,k7109_all_about_light_00083aa/H264_300k_chap05.mp4,k7109_all_about_light_00083aa/H264_800k_chap05.mp4,k7109_all_about_light_00083aa/H264_1600k_chap05.mp4
D2044894,k7109_all_about_light_00083aa/H264_300k_chap06.mp4,k7109_all_about_light_00083aa/H264_800k_chap06.mp4,k7109_all_about_light_00083aa/H264_1600k_chap06.mp4
D2044896,k7109_all_about_light_00083aa/H264_300k_chap07.mp4,k7109_all_about_light_00083aa/H264_800k_chap07.mp4,k7109_all_about_light_00083aa/H264_1600k_chap07.mp4
D2044898,K7110_All_About_Magnets_00084AA/H264_chap01.mp4,K7110_All_About_Magnets_00084AA/H264_800k_chap01.mp4,K7110_All_About_Magnets_00084AA/H264_1600k_chap01.mp4
D2044900,K7110_All_About_Magnets_00084AA/H264_chap02.mp4,K7110_All_About_Magnets_00084AA/H264_800k_chap02.mp4,K7110_All_About_Magnets_00084AA/H264_1600k_chap02.mp4
D2044902,K7110_All_About_Magnets_00084AA/H264_chap03.mp4,K7110_All_About_Magnets_00084AA/H264_800k_chap03.mp4,K7110_All_About_Magnets_00084AA/H264_1600k_chap03.mp4
D2044904,K7110_All_About_Magnets_00084AA/H264_chap04.mp4,K7110_All_About_Magnets_00084AA/H264_800k_chap04.mp4,K7110_All_About_Magnets_00084AA/H264_1600k_chap04.mp4
D2044906,K7110_All_About_Magnets_00084AA/H264_chap07.mp4,K7110_All_About_Magnets_00084AA/H264_800k_chap07.mp4,K7110_All_About_Magnets_00084AA/H264_1600k_chap07.mp4
D2044908,k7122_all_about_meterology_00086aa/H264_300k_chap05.mp4,k7122_all_about_meterology_00086aa/H264_800k_chap05.mp4,k7122_all_about_meterology_00086aa/H264_1600k_chap05.mp4
D2044910,N6735_Elements_Compounds_and_Mixtures_00620AA/H264_chap04.mp4,N6735_Elements_Compounds_and_Mixtures_00620AA/h264_800k_chap04.mp4,N6735_Elements_Compounds_and_Mixtures_00620AA/H264_1600k_chap04.mp4
D2044912,N6735_Elements_Compounds_and_Mixtures_00620AA/H264_chap05.mp4,N6735_Elements_Compounds_and_Mixtures_00620AA/h264_800k_chap05.mp4,N6735_Elements_Compounds_and_Mixtures_00620AA/H264_1600k_chap05.mp4
D2044914,N6735_Elements_Compounds_and_Mixtures_00620AA/H264_chap06.mp4,N6735_Elements_Compounds_and_Mixtures_00620AA/h264_800k_chap06.mp4,N6735_Elements_Compounds_and_Mixtures_00620AA/H264_1600k_chap06.mp4
D2044916,K6184_Environmental_Health_00641AA/H264_chap08.mp4,K6184_Environmental_Health_00641AA/H264_800k_chap08.mp4,K6184_Environmental_Health_00641AA/H264_1600k_chap08.mp4
D2044918,N6744_Properties_of_Matter_01437AA/H264_chap03.mp4,N6744_Properties_of_Matter_01437AA/H264_800k_chap03.mp4,N6744_Properties_of_Matter_01437AA/H264_1600k_chap03.mp4
D2044920,n6617_volcanoes_02280aa/H264_300K_chap02.mp4,n6617_volcanoes_02280aa/H264_800K_chap02.mp4,n6617_volcanoes_02280aa/H264_1600k_chap02.mp4
D2044922,n6617_volcanoes_02280aa/H264_300K_chap03.mp4,n6617_volcanoes_02280aa/H264_800K_chap03.mp4,n6617_volcanoes_02280aa/H264_1600k_chap03.mp4
D2044924,n6617_volcanoes_02280aa/H264_300K_chap04.mp4,n6617_volcanoes_02280aa/H264_800K_chap04.mp4,n6617_volcanoes_02280aa/H264_1600k_chap04.mp4
D2044926,K6666_What_Is_Agriculture_02331AA/H264_chap10.mp4,K6666_What_Is_Agriculture_02331AA/H264_800k_chap10.mp4,K6666_What_Is_Agriculture_02331AA/H264_1600k_chap10.mp4
D2044928,J1132_Once_There_was_a_Tree_05239AA/H264_300k_chap02.mp4,J1132_Once_There_was_a_Tree_05239AA/H264_800k_chap02.mp4,J1132_Once_There_was_a_Tree_05239AA/H264_1600k_chap02.mp4
D2044930,J1132_Once_There_was_a_Tree_05239AA/H264_300k_chap04.mp4,J1132_Once_There_was_a_Tree_05239AA/H264_800k_chap04.mp4,J1132_Once_There_was_a_Tree_05239AA/H264_1600k_chap04.mp4
D2067025,K7111_All_About_Motion_and_Balance_00087AA/H264.mp4,K7111_All_About_Motion_and_Balance_00087AA/H264_800k.mp4,K7111_All_About_Motion_and_Balance_00087AA/H264_1600k.mp4
D2067030,SCS_Forces_and_Gravity_08451AA/H264.mp4,SCS_Forces_and_Gravity_08451AA/H264_800K.mp4,SCS_Forces_and_Gravity_08451AA/H264_1600k.mp4
D2067033,SCC_Forces_and_Movement_08438AA/H264.mp4,SCC_Forces_and_Movement_08438AA/H264_800k.mp4,SCC_Forces_and_Movement_08438AA/H264_1600k.mp4
D2067035,BSI_Video/300k.mp4,BSI_Video/800k.mp4,BSI_Video/1600k.mp4
D2068581,J1123_Is_This_a_House_for_Hermit_Crab_05207AA/H264_300k_chap05.mp4,J1123_Is_This_a_House_for_Hermit_Crab_05207AA/H264_800k_chap05.mp4,J1123_Is_This_a_House_for_Hermit_Crab_05207AA/H264_1600k_chap05.mp4
D2068583,J1123_Is_This_a_House_for_Hermit_Crab_05207AA/H264_300k_chap05.mp4,J1123_Is_This_a_House_for_Hermit_Crab_05207AA/H264_800k_chap05.mp4,J1123_Is_This_a_House_for_Hermit_Crab_05207AA/H264_1600k_chap05.mp4
D2068585,J1136_Seashore_Surprises_05261AA/H264_300k_chap01.mp4,J1136_Seashore_Surprises_05261AA/H264_800k_chap01.mp4,J1136_Seashore_Surprises_05261AA/H264_1600k_chap01.mp4
D2068587,J1136_Seashore_Surprises_05261AA/H264_300k_chap02.mp4,J1136_Seashore_Surprises_05261AA/H264_800k_chap02.mp4,J1136_Seashore_Surprises_05261AA/H264_1600k_chap02.mp4
D2068589,K6672_Aquatic_Insects_00170AA/H264_300k_chap02.mp4,K6672_Aquatic_Insects_00170AA/H264_800k_chap02.mp4,K6672_Aquatic_Insects_00170AA/H264_1600k_chap02.mp4
D2068591,K6672_Aquatic_Insects_00170AA/H264_300k_chap03.mp4,K6672_Aquatic_Insects_00170AA/H264_800k_chap03.mp4,K6672_Aquatic_Insects_00170AA/H264_1600k_chap03.mp4
D2068593,K6678_House_and_Backyard_Insects_00885AA/H264_300k_chap04.mp4,K6678_House_and_Backyard_insects_00885AA/H264_800k_chap04.mp4,K6678_House_and_Backyard_Insects_00885AA/H264_1600k_chap04.mp4
D2068595,K6678_House_and_Backyard_Insects_00885AA/H264_300k_chap05.mp4,K6678_House_and_Backyard_insects_00885AA/H264_800k_chap05.mp4,K6678_House_and_Backyard_Insects_00885AA/H264_1600k_chap05.mp4
D2068599,K7011_All_About_Stars_00115AA/H264_300k.mp4,K7011_All_About_Stars_00115AA/H264_800k.mp4,K7011_All_About_Stars_00115AA/H264_1600k.mp4
D2068603,n6673_earths_atmosphere_00587aa/H264_300k_chap03.mp4,n6673_earths_atmosphere_00587aa/H264_800k_chap03.mp4,n6673_earths_atmosphere_00587aa/H264_1600k_chap03.mp4
D2068605,K7044_All_About_Animal_Life_Cycles_00059AA/H264_300k.mp4,K7044_All_About_Animal_Life_Cycles_00059AA/h264_800k.mp4,K7044_All_About_Animal_Life_Cycles_00059AA/H264_1600k.mp4
D2068752,K7862_Springs__01742AA/H264_300k.mp4,K7862_Springs__01742AA/H264_800k.mp4,K7862_Springs_01742AA/H264_1600k.mp4
D2068755,N6675_Planets_and_solar_system_01380AA/H264_300k.mp4,N6675_Planets_and_solar_system_01380AA/H264_800K.mp4,N6675_Planets_and_solar_system_01380AA/H264_1600k.mp4
D2068756,K7092_All_About_Plant_and_Animal_Interdependency_00090AA/H264_300k.mp4,K7092_All_About_Plant_and_Animal_Interdependency_00090AA/H264_800k.mp4,K7092_All_About_Plant_and_Animal_Interdependency_00090AA/H264_1600k.mp4
D2068759,ANI_How_Animals_Educate_Their_Young_05122AA/H264_300k.mp4,ANI_How_Animals_Educate_Their_Young_05122AA/H264_800k.mp4,ANI_How_Animals_Educate_Their_Young_05122AA/H264_1600k.mp4
D2068760,SCS_Plant_and_Animal_Adaptations_08448AA/H264_300k.mp4,SCS_Plant_and_Animal_Adaptations_08448AA/H264_800k.mp4,SCS_Plant_and_Animal_Adaptations_08448AA/H264_1600k.mp4
D2068763,K7013_All_About_the_Moon_00112AA/H264_300k.mp4,K7013_All_About_the_Moon_00112AA/h264_800k.mp4,K7013_All_About_the_Moon_00112AA/H264_1600k.mp4
D2069009,,,audio_story_insects_and_plants/3e.mp3
D2069010,,,audio_story_motion_force_and_models/3e.mp3
D2083642,,,audio_story_environments/3e.mp3
D2083644,,,audio_story_insects_and_plants/3e_spanish.mp3
D2083646,,,audio_story_structures_of_life/3e.mp3
D2083648,,,audio_story_structures_of_life/3e_spanish.mp3
D2083650,,,audio_story_sun_moon_and_planets/3e.mp3
D2083652,,,audio_story_trees_and_weather/3e_spanish.mp3
D2083654,,,audio_story_weather_on_earth/3e_spanish.mp3
D2083657,,,audio_story_materials_in_our_world/3e_spanish.mp3
D2121925,N6683_Animal_Behavior_and_Communication_00154AA/H264_300k_chap02.mp4,N6683_Animal_Behavior_and_Communication_00154AA/H264_800k_chap02.mp4,N6683_Animal_Behavior_and_Communication_00154AA/H264_1600k_chap02.mp4
D2121929,N6683_Animal_Behavior_and_Communication_00154AA/H264_300k_chap04.mp4,N6683_Animal_Behavior_and_Communication_00154AA/H264_800k_chap04.mp4,N6683_Animal_Behavior_and_Communication_00154AA/H264_1600k_chap04.mp4
D2121934,N6683_Animal_Behavior_and_Communication_00154AA/H264_300k_chap05.mp4,N6683_Animal_Behavior_and_Communication_00154AA/H264_800k_chap05.mp4,N6683_Animal_Behavior_and_Communication_00154AA/H264_1600k_chap05.mp4
D2121938,N6683_Animal_Behavior_and_Communication_00154AA/H264_300k_chap06.mp4,N6683_Animal_Behavior_and_Communication_00154AA/H264_800k_chap06.mp4,N6683_Animal_Behavior_and_Communication_00154AA/H264_1600k_chap06.mp4
D2121942,N6683_Animal_Behavior_and_Communication_00154AA/H264_300k_chap08.mp4,N6683_Animal_Behavior_and_Communication_00154AA/H264_800k_chap08.mp4,N6683_Animal_Behavior_and_Communication_00154AA/H264_1600k_chap08.mp4
D2121946,N6683_Animal_Behavior_and_Communication_00154AA/H264_300k_chap09.mp4,N6683_Animal_Behavior_and_Communication_00154AA/H264_800k_chap09.mp4,N6683_Animal_Behavior_and_Communication_00154AA/H264_1600k_chap09.mp4
D2121950,J1111_Bugs_05171AA/H264_300k_chap05.mp4,J1111_Bugs_05171AA/H264_800k_chap05.mp4,J1111_Bugs_05171AA/H264_1600k_chap05.mp4
D2121954,N6753_Circulatory_and_Respiratory_Systems_00422AA/H264_300k_chap05.mp4,N6753_Circulatory_and_Respiratory_Systems_00422AA/H264_800k_chap05.mp4,N6753_Circulatory_and_Respiratory_Systems_00422AA/H264_1600k_chap05.mp4
D2121958,N6753_Circulatory_and_Respiratory_Systems_00422AA/H264_300k_chap03.mp4,N6753_Circulatory_and_Respiratory_Systems_00422AA/H264_800k_chap03.mp4,N6753_Circulatory_and_Respiratory_Systems_00422AA/H264_1600k_chap03.mp4
D2121962,K7095_All_About_Plant_Structure_and_Growth_00093AA/H264_300k_chap01.mp4,K7095_All_About_Plant_Structure_and_Growth_00093AA/H264_800k_chap01.mp4,K7095_All_About_Plant_Structure_and_Growth_00093AA/H264_1600k_chap01.mp4
D2121966,K7095_All_About_Plant_Structure_and_Growth_00093AA/H264_300k_chap02.mp4,K7095_All_About_Plant_Structure_and_Growth_00093AA/H264_800k_chap02.mp4,K7095_All_About_Plant_Structure_and_Growth_00093AA/H264_1600k_chap02.mp4
D2121970,K7095_All_About_Plant_Structure_and_Growth_00093AA/H264_300k_chap03.mp4,K7095_All_About_Plant_Structure_and_Growth_00093AA/H264_800k_chap03.mp4,K7095_All_About_Plant_Structure_and_Growth_00093AA/H264_1600k_chap03.mp4
D2121974,K7095_All_About_Plant_Structure_and_Growth_00093AA/H264_300k_chap04.mp4,K7095_All_About_Plant_Structure_and_Growth_00093AA/H264_800k_chap04.mp4,K7095_All_About_Plant_Structure_and_Growth_00093AA/H264_1600k_chap04.mp4
D2121978,K7095_All_About_Plant_Structure_and_Growth_00093AA/H264_300k_chap05.mp4,K7095_All_About_Plant_Structure_and_Growth_00093AA/H264_800k_chap05.mp4,K7095_All_About_Plant_Structure_and_Growth_00093AA/H264_1600k_chap05.mp4
D2121982,K7095_All_About_Plant_Structure_and_Growth_00093AA/H264_300k_chap07.mp4,K7095_All_About_Plant_Structure_and_Growth_00093AA/H264_800k_chap07.mp4,K7095_All_About_Plant_Structure_and_Growth_00093AA/H264_1600k_chap07.mp4
D2121986,K7095_All_About_Plant_Structure_and_Growth_00093AA/H264_300k_chap07.mp4,K7095_All_About_Plant_Structure_and_Growth_00093AA/H264_800k_chap07.mp4,K7095_All_About_Plant_Structure_and_Growth_00093AA/H264_1600k_chap07.mp4
D2121990,K7095_All_About_Plant_Structure_and_Growth_00093AA/H264_300k_chap09.mp4,K7095_All_About_Plant_Structure_and_Growth_00093AA/H264_800k_chap09.mp4,K7095_All_About_Plant_Structure_and_Growth_00093AA/H264_1600k_chap09.mp4
D2121994,K7095_All_About_Plant_Structure_and_Growth_00093AA/H264_300k_chap11.mp4,K7095_All_About_Plant_Structure_and_Growth_00093AA/H264_800k_chap11.mp4,K7095_All_About_Plant_Structure_and_Growth_00093AA/H264_1600k_chap11.mp4
D2121998,N6754_Digestive_and_Excetory_Systems_00564AA/H264_300k.mp4,N6754_Digestive_and_Excetory_Systems_00564AA/H264_800k.mp4,N6754_Digestive_and_Excetory_Systems_00564AA/H264_1600k.mp4
D2122002,T0154_Physical_Systems_02552AA/H264_300k.mp4,T0154_Physical_Systems_02552AA/H264_800k.mp4,T0154_Physical_Systems_02552AA/H264_1600k.mp4
D2122006,N6656_Marine_Ecosytems_01129AA/H264_300k.mp4,N6656_Marine_Ecosytems_01129AA/H264_800K.mp4,N6656_Marine_Ecosytems_01129AA/H264_1600k.mp4
D2136883,K6666_What_Is_Agriculture_02331AA/H264_chap07.mp4,K6666_What_Is_Agriculture_02331AA/H264_800k_chap07.mp4,K6666_What_Is_Agriculture_02331AA/H264_1600k_chap07.mp4
D2136888,J1132_Once_There_Was_a_Tree_05239AA/H264_300k_chap01.mp4,J1132_Once_There_Was_a_Tree_05239AA/H264_800k_chap01.mp4,J1132_Once_There_Was_a_Tree_05239AA/H264_1600k_chap01.mp4
D2136901,J1140_Summer_05275AA/H264_300k_chap01.mp4,J1140_Summer_05275AA/H264_800k_chap01.mp4,J1140_Summer_05275AA/H264_1600k_chap01.mp4
D2136902,J1140_Summer_05275AA/H264_300k_chap03.mp4,J1140_Summer_05275AA/H264_800k_chap03.mp4,J1140_Summer_05275AA/H264_1600k_chap03.mp4
D2136903,J1140_Summer_05275AA/H264_300k_chap04.mp4,J1140_Summer_05275AA/H264_800k_chap04.mp4,J1140_Summer_05275AA/H264_1600k_chap04.mp4
D2136904,J1140_Summer_05275AA/H264_300k_chap05.mp4,J1140_Summer_05275AA/H264_800k_chap05.mp4,J1140_Summer_05275AA/H264_1600k_chap05.mp4
D2136912,K6678_House_and_Backyard_Insects_00885AA/H264_300k_chap06.mp4,K6678_House_and_Backyard_insects_00885AA/H264_800k_chap06.mp4,K6678_House_and_Backyard_Insects_00885AA/H264_1600k_chap06.mp4
D2136916,J1111_Bugs_05171AA/H264_300k_chap04.mp4,J1111_Bugs_05171AA/H264_800k_chap04.mp4,J1111_Bugs_05171AA/H264_1600k_chap04.mp4
D2136921,n6686_animal_life_cycles_00157aa/H264_300k_chap04.mp4,n6686_animal_life_cycles_00157aa/H264_800k_chap04.mp4,n6686_animal_life_cycles_00157aa/H264_1600k_chap04.mp4
D2136931,J1126_The_Life_Cycle_of_the_Honeybee_05216AA/H264_300k_chap01.mp4,J1126_The_Life_Cycle_of_the_Honeybee_05216AA/H264_800k_chap01.mp4,J1126_The_Life_Cycle_of_the_Honeybee_05216AA/H264_1600k_chap01.mp4
D2136932,J1126_The_Life_Cycle_of_the_Honeybee_05216AA/H264_300k_chap03.mp4,J1126_The_Life_Cycle_of_the_Honeybee_05216AA/H264_800k_chap03.mp4,J1126_The_Life_Cycle_of_the_Honeybee_05216AA/H264_1600k_chap03.mp4
D2136933,J1126_The_Life_Cycle_of_the_Honeybee_05216AA/H264_300k_chap04.mp4,J1126_The_Life_Cycle_of_the_Honeybee_05216AA/H264_800k_chap04.mp4,J1126_The_Life_Cycle_of_the_Honeybee_05216AA/H264_1600k_chap04.mp4
D2136934,J1126_The_Life_Cycle_of_the_Honeybee_05216AA/H264_300k_chap06.mp4,J1126_The_Life_Cycle_of_the_Honeybee_05216AA/H264_800k_chap06.mp4,J1126_The_Life_Cycle_of_the_Honeybee_05216AA/H264_1600k_chap06.mp4
D2136941,K7051_All_About_Food_Chains_00076AA/H264.mp4,K7051_All_About_Food_Chains_00076AA/H264_800k.mp4,K7051_All_About_Food_Chains_00076AA/H264_1600k.mp4
D2136947,K6675_Butterflies_And_Moths_00369AA/H264.mp4,K6675_Butterflies_And_Moths_00369AA/H264_800k.mp4,K6675_Butterflies_And_Moths_00369AA/H264_1600k.mp4
D2136948,K7045_All_About_Animals_Needs_00060AA/H264.mp4,K7045_All_About_Animals_Needs_00060AA/H264_800k.mp4,K7045_All_About_Animals_Needs_00060AA/H264_1600k.mp4
D2151061,N6751_The_Brain_and_The_Nervous_System_01851AA/H264_300k_chap01-04.mp4,N6751_The_Brain_and_The_Nervous_System_01851AA/H264_800k_chap01-04.mp4,N6751_The_Brain_and_The_Nervous_System_01851AA/H264_1600k_chap01-04.mp4
D2151065,ani_animal_language_and_communication_05125aa/H264_300k.mp4,ani_animal_language_and_communication_05125aa/H264_800k.mp4,ani_animal_language_and_communication_05125aa/H264_1600k.mp4
D2151069,K7013_All_About_the_Moon_00112AA/H264_300k.mp4,K7013_All_About_the_Moon_00112AA/h264_800k.mp4,K7013_All_About_the_Moon_00112AA/H264_1600k.mp4
D2151072,k7122_all_about_meterology_00086aa/H264_300k.mp4,k7122_all_about_meterology_00086aa/H264_800k.mp4,k7122_all_about_meterology_00086aa/H264_1600k.mp4
D2182946,K7075_What_Is_Energy_02335AA/H264_300k_chap03.mp4,K7075_What_Is_Energy_02335AA/H264_800k_chap03.mp4,K7075_What_Is_Energy_02335AA/H264_1600k_chap03.mp4
D2182947,K7075_What_Is_Energy_02335AA/H264_300k_chap06.mp4,K7075_What_Is_Energy_02335AA/H264_800k_chap06.mp4,K7075_What_Is_Energy_02335AA/H264_1600k_chap06.mp4
D2182948,K7075_What_Is_Energy_02335AA/H264_300k_chap07.mp4,K7075_What_Is_Energy_02335AA/H264_800k_chap07.mp4,K7075_What_Is_Energy_02335AA/H264_1600k_chap07.mp4
D2182954,K7043_All_About_Animal_Behavior_and_Communication_00058AA/H264.mp4,K7043_All_About_Animal_Behavior_and_Communication_00058AA/H264_800k.mp4,K7043_All_About_Animal_Behavior_and_Communication_00058AA/H264_1600k.mp4
D2184744,n6615_soil_01726aa/H264_300k_chap03.mp4,n6615_soil_01726aa/H264_800k_chap03.mp4,n6615_soil_01726aa/H264_1600k_chap03.mp4
D2187284,K7060_All_About_Natural_Resources_00088AA/H264.mp4,K7060_All_About_Natural_Resources_00088AA/H264_800k.mp4,K7060_All_About_Natural_Resources_00088AA/H264_1600k.mp4
D2189089,n6641_climate_and_season_00441aa/H264_300k_chap05.mp4,n6641_climate_and_season_00441aa/H264_800k_chap05.mp4,n6641_climate_and_season_00441aa/H264_1600k_chap05.mp4
D2192727,K7065_All_About_Weathering_and_Erosion_00106AA/H264_300k_chap04-06.mp4,K7065_All_About_Weathering_and_Erosion_00106AA/H264_800k_chap04-06.mp4,K7065_All_About_Weathering_and_Erosion_00106AA/H264_1600k_chap04-06.mp4
D2198514,K7062_All_About_Soil_00099AA/H264_300k_chap05.mp4,K7062_All_About_Soil_00099AA/H264_800k_chap05.mp4,K7062_All_About_Soil_00099AA/H264_1600k_chap05.mp4
D2201869,K7064_All_About_Volcanoes_00103AA/H264_300k_chap02.mp4,K7064_All_About_Volcanoes_00103AA/H264_800k_chap02.mp4,K7064_All_About_Volcanoes_00103AA/H264_1600k_chap02.mp4
D2211105,N6672_Earth_00585AA/H264_300k_chap06.mp4,N6672_Earth_00585AA/H264_800k_chap06.mp4,N6672_Earth_00585AA/H264_1600k_chap06.mp4
D2214196,N6674_Moon_01181AA/H264_300k_chap01-05.mp4,N6674_Moon_01181AA/H264_800k_chap01-05.mp4,N6674_Moon_01181AA/H264_1600k_chap01-05.mp4
D2214204,N6610_Land_Formations_01024AA/H264_300k_chap05.mp4,N6610_Land_Formations_01024AA/H264_800k_chap05.mp4,N6610_Land_Formations_01024AA/H264_1600k_chap05.mp4
D2214205,N6610_Land_Formations_01024AA/H264_300k_chap06.mp4,N6610_Land_Formations_01024AA/H264_800k_chap06.mp4,N6610_Land_Formations_01024AA/H264_1600k_chap06.mp4
D2214206,N6610_Land_Formations_01024AA/H264_300k_chap07.mp4,N6610_Land_Formations_01024AA/H264_800k_chap07.mp4,N6610_Land_Formations_01024AA/H264_1600k_chap07.mp4
D2214210,n6619_weathering_and_erosion_02323aa/H264_300k_chap08.mp4,n6619_weathering_and_erosion_02323aa/H264_800k_chap08.mp4,n6619_weathering_and_erosion_02323aa/H264_1600k_chap08.mp4
D2214216,V6873_Green_Eng_12116aa/H264.mp4,V6873_Green_Eng_12116aa/H264_800k.mp4,V6873_Green_Eng_12116AA/H264_1600k.mp4
D2219886,N6608_Fossils_00724AA/H264_300k_chap02-07.mp4,N6608_Fossils_00724AA/H264_800k_chap02-07.mp4,N6608_Fossils_00724AA/H264_1600k_chap02-07.mp4
D2219890,N6607_Fossil_Fuels_00723AA/H264_300k_chap02-05.mp4,N6607_Fossil_Fuels_00723AA/H264_800k_chap02-05.mp4,N6607_Fossil_Fuels_00723AA/H264_1600k_chap02-05.mp4
D2219896,K7075_What_Is_Energy_02335AA/H264.mp4,K7075_What_Is_Energy_02335AA/H264_300k.mp4,K7075_What_Is_Energy_02335AA/H264_1600k.mp4
D2219897,K7075_What_Is_Energy_02335AA/H264_300k_chap07.mp4,K7075_What_Is_Energy_02335AA/H264_800k_chap07.mp4,K7075_What_Is_Energy_02335AA/H264_1600k_chap07.mp4
D2219917,K7074_All_About_The_Uses_of_Energy_00118AA/H264.mp4,K7074_All_About_The_Uses_of_Energy_00118AA/H264_800k.mp4,K7074_All_About_The_Uses_of_Energy_00118AA/H264_1600k.mp4
D2237589,K7060_All_About_Natural_Resources_00088AA/H264_300k_chap01.mp4,K7060_All_About_Natural_Resources_00088AA/H264_800k_chap01.mp4,K7060_All_About_Natural_Resources_00088AA/H264_1600k_chap01.mp4
D2237590,K7060_All_About_Natural_Resources_00088AA/H264_300k_chap02.mp4,K7060_All_About_Natural_Resources_00088AA/H264_800k_chap02.mp4,K7060_All_About_Natural_Resources_00088AA/H264_1600k_chap02.mp4
D2237592,K7060_All_About_Natural_Resources_00088AA/H264_300k_chap04.mp4,K7060_All_About_Natural_Resources_00088AA/H264_800k_chap04.mp4,K7060_All_About_Natural_Resources_00088AA/H264_1600k_chap04.mp4
D2237593,K7060_All_About_Natural_Resources_00088AA/H264_300k_chap05.mp4,K7060_All_About_Natural_Resources_00088AA/H264_800k_chap05.mp4,K7060_All_About_Natural_Resources_00088AA/H264_1600k_chap05.mp4
D2237594,K7060_All_About_Natural_Resources_00088AA/H264_300k_chap06.mp4,K7060_All_About_Natural_Resources_00088AA/H264_800k_chap06.mp4,K7060_All_About_Natural_Resources_00088AA/H264_1600k_chap06.mp4
D2237610,N6755_SM_Genes_Heredity_2_00772AA/H264_300k_chap02.mp4,N6755_SM_Genes_Heredity_2_00772AA/H264_800k_chap02.mp4,N6755_SM_Genes_Heredity_2_00772AA/H264_1600k_chap02.mp4
D2237613,K7063_All_About_the_Water_Cycle_00102AA/H264_300k_chap03.mp4,K7063_All_About_the_Water_Cycle_00102AA/H264_800k_chap03.mp4,K7063_All_About_the_Water_Cycle_00102AA/H264_1600k_chap03.mp4
D2237615,K7015_All_About_The_Sun_00116AA/H264_300k_chap03.mp4,K7015_All_About_The_Sun_00116AA/H264_800k_chap03.mp4,K7015_All_About_The_Sun_00116AA/H264_1600k_chap03.mp4
D2237617,K7012_All_About_the_Earth_00110AA/H264_300k_chap02.mp4,K7012_All_About_the_Earth_00110AA/H264_800k_chap02.mp4,K7012_All_About_the_Earth_00110AA/H264_1600k_chap02.mp4
D2237618,K7012_All_About_the_Earth_00110AA/H264_300k_chap03.mp4,K7012_All_About_the_Earth_00110AA/H264_800k_chap03.mp4,K7012_All_About_the_Earth_00110AA/H264_1600k_chap03.mp4
D2237626,K7075_What_Is_Energy_02335AA/H264_300k_chap01.mp4,K7075_What_Is_Energy_02335AA/H264_800k_chap01.mp4,K7075_What_Is_Energy_02335AA/H264_1600k_chap01.mp4
D2237630,k7109_all_about_light_00083aa/H264_300k.mp4,k7109_all_about_light_00083aa/H264_800k.mp4,k7109_all_about_light_00083aa/H264_1600k.mp4
D2308129,N6678_Sun_0178_01781AA/H264_300k_chap09.mp4,N6678_Sun_0178_01781AA/H264_800k_chap09.mp4,N6678_Sun_0178_01781AA/H264_1600k_chap09.mp4
D2308130,N6678_Sun_0178_01781AA/H264_300k_chap08.mp4,N6678_Sun_0178_01781AA/H264_800k_chap08.mp4,N6678_Sun_0178_01781AA/H264_1600k_chap08.mp4
D2308131,N6678_Sun_0178_01781AA/H264_300k_chap06.mp4,N6678_Sun_0178_01781AA/H264_800k_chap06.mp4,N6678_Sun_0178_01781AA/H264_1600k_chap06.mp4
D2308132,N6678_Sun_0178_01781AA/H264_300k_chap03.mp4,N6678_Sun_0178_01781AA/H264_800k_chap03.mp4,N6678_Sun_0178_01781AA/H264_1600k_chap03.mp4
D2308372,N6678_Sun_0178_01781AA/H264_300k_chap01.mp4,N6678_Sun_0178_01781AA/H264_800k_chap01.mp4,N6678_Sun_0178_01781AA/H264_1600k_chap01.mp4
D2355435,n6619_weathering_and_erosion_02323aa/H264_300k_sequence01.mp4,n6619_weathering_and_erosion_02323aa/H264_800k_sequence01.mp4,n6619_weathering_and_erosion_02323aa/H264_1600k_sequence01.mp4
D2355436,n6619_weathering_and_erosion_02323aa/H264_300k_sequence02.mp4,n6619_weathering_and_erosion_02323aa/H264_800k_sequence02.mp4,n6619_weathering_and_erosion_02323aa/H264_1600k_sequence02.mp4
D2355437,n6619_weathering_and_erosion_02323aa/H264_300k_sequence03.mp4,n6619_weathering_and_erosion_02323aa/H264_800k_sequence03.mp4,n6619_weathering_and_erosion_02323aa/H264_1600k_sequence03.mp4
D2355438,n6619_weathering_and_erosion_02323aa/H264_300k_sequence04.mp4,n6619_weathering_and_erosion_02323aa/H264_800k_sequence04.mp4,n6619_weathering_and_erosion_02323aa/H264_1600k_sequence04.mp4
D2355439,n6619_weathering_and_erosion_02323aa/H264_300k_sequence05.mp4,n6619_weathering_and_erosion_02323aa/H264_800k_sequence05.mp4,n6619_weathering_and_erosion_02323aa/H264_1600k_sequence05.mp4
D2355769,K7092_All_About_Plant_and_Animal_Interdependency_00090AA/H264_spanish_300k.mp4,K7092_All_About_Plant_and_Animal_Interdependency_00090AA/H264_spanish_800k.mp4,K7092_All_About_Plant_and_Animal_Interdependency_00090AA/H264_spanish_1600k.mp4
D2355772,K7044_All_About_Animal_Life_Cycles_00059AA/H264_300k_spanish_chap01-07.mp4,K7044_All_About_Animal_Life_Cycles_00059AA/H264_800k_spanish_chap01-07.mp4,K7044_All_About_Animal_Life_Cycles_00059AA/H264_1600k_spanish_chap01-07.mp4
D2355775,K7074_All_About_The_Uses_of_Energy_00118AA/H264_spanish_300k.mp4,K7074_All_About_The_Uses_of_Energy_00118AA/H264_spanish_800k.mp4,K7074_All_About_The_Uses_of_Energy_00118AA/H264_spanish_1600k.mp4
D2355778,K7045_All_About_Animals_Needs_00060AA/H264_spanish_300k.mp4,K7045_All_About_Animals_Needs_00060AA/H264_spanish_800k.mp4,K7045_All_About_Animals_Needs_00060AA/H264_spanish_1600k.mp4
D2355781,K7012_All_About_the_Earth_00110AA/H264_300k_spanish_chap02.mp4,K7012_All_About_the_Earth_00110AA/H264_800k_spanish_chap02.mp4,K7012_All_About_the_Earth_00110AA/H264_1600k_spanish_chap02.mp4
D2355784,K7015_All_About_The_Sun_00116AA/H264_300k_spanish_chap03.mp4,K7015_All_About_The_Sun_00116AA/H264_800k_spanish_chap03.mp4,K7015_All_About_The_Sun_00116AA/H264_1600k_spanish_chap03.mp4
D2355787,k7042_all_about_animal_adaptations_00057aa/H264_spanish_300k.mp4,k7042_all_about_animal_adaptations_00057aa/H264_spanish_800k.mp4,k7042_all_about_animal_adaptations_00057aa/H264_spanish_1600k.mp4
D2355790,K7075_What_Is_Energy_02335AA/H264_300k_spanish_chap01.mp4,K7075_What_Is_Energy_02335AA/H264_800k_spanish_chap01.mp4,K7075_What_Is_Energy_02335AA/H264_1600k_spanish_chap01.mp4
D2355793,k7093_all_about_plant_adaptation_00091aa/H264_spanish_300k.mp4,k7093_all_about_plant_adaptation_00091aa/H264_spanish_800k.mp4,k7093_all_about_plant_adaptation_00091aa/H264_spanish_1600k.mp4
D2355796,N6755_SM_Genes_Heredity_2_00772AA/H264_300k_spanish_chap02.mp4,N6755_SM_Genes_Heredity_2_00772AA/H264_800k_spanish_chap02.mp4,N6755_SM_Genes_Heredity_2_00772AA/H264_1600k_spanish_chap02.mp4
D2355800,ANI_How_Animals_Educate_Their_Young_05122AA/H264_spanish_300k.mp4,ANI_How_Animals_Educate_Their_Young_05122AA/H264_spanish_800k.mp4,ANI_How_Animals_Educate_Their_Young_05122AA/H264_spanish_1600k.mp4
D2355803,K7013_All_About_the_Moon_00112AA/H264_spanish_300k.mp4,K7013_All_About_the_Moon_00112AA/H264_spanish_800k.mp4,K7013_All_About_the_Moon_00112AA/H264_spanish_1600k.mp4
D2355807,n6615_soil_01726aa/H264_300k_spanish_chap02.mp4,n6615_soil_01726aa/H264_800k_spanish_chap02.mp4,n6615_soil_01726aa/H264_1600k_spanish_chap02.mp4
D2355809,n6615_soil_01726aa/H264_300k_spanish_chap03.mp4,n6615_soil_01726aa/H264_800k_spanish_chap03.mp4,n6615_soil_01726aa/H264_1600k_spanish_chap03.mp4
D2355812,n6641_climate_and_season_00441aa/H264_300k_spanish_chap05.mp4,n6641_climate_and_season_00441aa/H264_800k_spanish_chap05.mp4,n6641_climate_and_season_00441aa/H264_1600k_spanish_chap05.mp4
D2355816,n6614_rocks_01498aa/H264_300k_spanish_chap04.mp4,n6614_rocks_01498aa/H264_800k_spanish_chap04.mp4,n6614_rocks_01498aa/H264_1600k_spanish_chap04.mp4
D2355818,n6614_rocks_01498aa/H264_300k_spanish_chap06.mp4,n6614_rocks_01498aa/H264_800k_spanish_chap06.mp4,n6614_rocks_01498aa/H264_1600k_spanish_chap06.mp4
D2355821,N6607_Fossil_Fuels_00723AA/H264_300k_spanish_chap02-05.mp4,N6607_Fossil_Fuels_00723AA/H264_800k_spanish_chap02-05.mp4,N6607_Fossil_Fuels_00723AA/H264_1600k_spanish_chap02-05.mp4
D2355827,N6610_Land_Formations_01024AA/H264_300k_spanish_chap05.mp4,N6610_Land_Formations_01024AA/H264_800k_spanish_chap05.mp4,N6610_Land_Formations_01024AA/H264_1600k_spanish_chap05.mp4
D2355829,N6610_Land_Formations_01024AA/H264_300k_spanish_chap06.mp4,N6610_Land_Formations_01024AA/H264_800k_spanish_chap06.mp4,N6610_Land_Formations_01024AA/H264_1600k_spanish_chap06.mp4
D2355831,N6610_Land_Formations_01024AA/H264_300k_spanish_chap07.mp4,N6610_Land_Formations_01024AA/H264_800k_spanish_chap07.mp4,N6610_Land_Formations_01024AA/H264_1600k_spanish_chap07.mp4
D2355834,V6873_Green_Eng_12116AA/H264_spanish_300k.mp4,V6873_Green_Eng_12116AA/H264_spanish_800k.mp4,V6873_Green_Eng_12116AA/H264_spanish_1600k.mp4
D2355837,N6608_Fossils_00724AA/H264_300k_spanish_chap02-07.mp4,N6608_Fossils_00724AA/H264_800k_spanish_chap02-07.mp4,N6608_Fossils_00724AA/H264_1600k_spanish_chap02-07.mp4
D2355844,N6678_Sun_0178_01781AA/H264_300k_spanish_chap01.mp4,N6678_Sun_0178_01781AA/H264_800k_spanish_chap01.mp4,N6678_Sun_0178_01781AA/H264_1600k_spanish_chap01.mp4
D2355847,N6678_Sun_0178_01781AA/H264_300k_spanish_chap03.mp4,N6678_Sun_0178_01781AA/H264_800k_spanish_chap03.mp4,N6678_Sun_0178_01781AA/H264_1600k_spanish_chap03.mp4
D2355849,N6678_Sun_0178_01781AA/H264_300k_spanish_chap06.mp4,N6678_Sun_0178_01781AA/H264_800k_spanish_chap06.mp4,N6678_Sun_0178_01781AA/H264_1600k_spanish_chap06.mp4
D2355851,N6678_Sun_0178_01781AA/H264_300k_spanish_chap08.mp4,N6678_Sun_0178_01781AA/H264_800k_spanish_chap08.mp4,N6678_Sun_0178_01781AA/H264_1600k_spanish_chap08.mp4
D2355854,N6678_Sun_0178_01781AA/H264_300k_spanish_chap09.mp4,N6678_Sun_0178_01781AA/H264_800k_spanish_chap09.mp4,N6678_Sun_0178_01781AA/H264_1600k_spanish_chap09.mp4
D2355856,N6672_Earth_00585AA/H264_300k_spanish_chap06.mp4,N6672_Earth_00585AA/H264_800k_spanish_chap06.mp4,N6672_Earth_00585AA/H264_1600k_spanish_chap06.mp4
D2355861,N6675_Planets_and_solar_system_01380AA/H264_spanish_300k.mp4,N6675_Planets_and_solar_system_01380AA/H264_spanish_800k.mp4,N6675_Planets_and_solar_system_01380AA/H264_spanish_1600k.mp4
D2355863,N6656_Marine_Ecosytems_01129AA/H264_spanish_300k.mp4,N6656_Marine_Ecosytems_01129AA/H264_spanish_800k.mp4,N6656_Marine_Ecosytems_01129AA/H264_spanish_1600k.mp4
D2355866,SCS_Plant_and_Animal_Adaptations_08448AA/H264_spanish_300k.mp4,SCS_Plant_and_Animal_Adaptations_08448AA/H264_spanish_800k.mp4,SCS_Plant_and_Animal_Adaptations_08448AA/H264_spanish_1600k.mp4
D2355869,N6683_Animal_Behavior_and_Communication_00154AA/H264_300k_spanish_chap09.mp4,N6683_Animal_Behavior_and_Communication_00154AA/H264_800k_spanish_chap09.mp4,N6683_Animal_Behavior_and_Communication_00154AA/H264_1600k_spanish_chap09.mp4
D2355872,K7060_All_About_Natural_Resources_00088AA/H264_spanish_300k.mp4,K7060_All_About_Natural_Resources_00088AA/H264_spanish_800k.mp4,K7060_All_About_Natural_Resources_00088AA/H264_spanish_1600k.mp4
D2355877,n6618_the_water_cycle_02154aa/H264_300k_spanish_chap02.mp4,n6618_the_water_cycle_02154aa/H264_800k_spanish_chap02.mp4,n6618_the_water_cycle_02154aa/H264_1600k_spanish_chap02.mp4
D2355880,n6618_the_water_cycle_02154aa/H264_300k_spanish_chap03.mp4,n6618_the_water_cycle_02154aa/H264_800k_spanish_chap03.mp4,n6618_the_water_cycle_02154aa/H264_1600k_spanish_chap03.mp4
D2355882,K7063_All_About_the_Water_Cycle_00102AA/H264_300k_spanish_chap03.mp4,K7063_All_About_the_Water_Cycle_00102AA/H264_800k_spanish_chap03.mp4,K7063_All_About_the_Water_Cycle_00102AA/H264_1600k_spanish_chap03.mp4
D2355888,n6619_weathering_and_erosion_02323aa/H264_300k_spanish_chap05.mp4,n6619_weathering_and_erosion_02323aa/H264_800k_spanish_chap05.mp4,n6619_weathering_and_erosion_02323aa/H264_1600k_spanish_chap05.mp4
D2355889,n6619_weathering_and_erosion_02323aa/H264_300k_spanish_chap07.mp4,n6619_weathering_and_erosion_02323aa/H264_800k_spanish_chap07.mp4,n6619_weathering_and_erosion_02323aa/H264_1600k_spanish_chap07.mp4
D2355890,n6619_weathering_and_erosion_02323aa/H264_300k_spanish_chap08.mp4,n6619_weathering_and_erosion_02323aa/H264_800k_spanish_chap08.mp4,n6619_weathering_and_erosion_02323aa/H264_1600k_spanish_chap08.mp4
D2362052,FOSSOrrerySetup/300k.mp4,FOSSOrrerySetup/800k.mp4,FOSSOrrerySetup/1600k.mp4
D2362053,FOSSOrreryTrial_single/300k.mp4,FOSSOrreryTrial_single/800k.mp4,FOSSOrreryTrial_single/1600k.mp4
D2362056,FOSSOrreryTrial_dual/300k.mp4,FOSSOrreryTrial_dual/800k.mp4,FOSSOrreryTrial_dual/1600k.mp4
D2362076,n6619_weathering_and_erosion_02323aa/H264_300k_spanish_chap04.mp4,n6619_weathering_and_erosion_02323aa/H264_800k_spanish_chap04.mp4,n6619_weathering_and_erosion_02323aa/H264_1600k_spanish_chap04.mp4
D2362077,n6619_weathering_and_erosion_02323aa/H264_300k_spanish_chap03.mp4,n6619_weathering_and_erosion_02323aa/H264_800k_spanish_chap03.mp4,n6619_weathering_and_erosion_02323aa/H264_1600k_spanish_chap03.mp4
D2362078,N6683_Animal_Behavior_and_Communication_00154AA/H264_300k_spanish_chap04.mp4,N6683_Animal_Behavior_and_Communication_00154AA/H264_800k_spanish_chap04.mp4,N6683_Animal_Behavior_and_Communication_00154AA/H264_1600k_spanish_chap04.mp4
D2362079,N6683_Animal_Behavior_and_Communication_00154AA/H264_300k_spanish_chap05.mp4,N6683_Animal_Behavior_and_Communication_00154AA/H264_800k_spanish_chap05.mp4,N6683_Animal_Behavior_and_Communication_00154AA/H264_1600k_spanish_chap05.mp4
D2362080,N6683_Animal_Behavior_and_Communication_00154AA/H264_300k_spanish_chap06.mp4,N6683_Animal_Behavior_and_Communication_00154AA/H264_800k_spanish_chap06.mp4,N6683_Animal_Behavior_and_Communication_00154AA/H264_1600k_spanish_chap06.mp4
D2362081,N6683_Animal_Behavior_and_Communication_00154AA/H264_300k_spanish_chap08.mp4,N6683_Animal_Behavior_and_Communication_00154AA/H264_800k_spanish_chap08.mp4,N6683_Animal_Behavior_and_Communication_00154AA/H264_1600k_spanish_chap08.mp4
D2362082,N6683_Animal_Behavior_and_Communication_00154AA/H264_300k_spanish_chap09.mp4,N6683_Animal_Behavior_and_Communication_00154AA/H264_800k_spanish_chap09.mp4,N6683_Animal_Behavior_and_Communication_00154AA/H264_1600k_spanish_chap09.mp4
D2629082,K7060_All_About_Natural_Resources_00088AA/H264_spanish_300k.mp4,K7060_All_About_Natural_Resources_00088AA/H264_spanish_800k.mp4,K7060_All_About_Natural_Resources_00088AA/H264_spanish_1600k.mp4
D2641612,DSM_FSTP_Overview/300k.mp4,DSM_FSTP_Overview/800k.mp4,DSM_FSTP_Overview/1600k.mp4
D2641623,Oakland_CCELA/300k.mp4,Oakland_CCELA/800k.mp4,Oakland_CCELA/1600k.mp4
D2676626,K7095_All_About_Plant_Structure_and_Growth_00093AA/H264_300k.mp4,K7095_All_About_Plant_Structure_and_Growth_00093AA/H264_800k.mp4,K7095_All_About_Plant_Structure_and_Growth_00093AA/H264_1600k.mp4
D2676630,N6753_Circulatory_and_Respiratory_Systems_00422AA/H264_300k.mp4,N6753_Circulatory_and_Respiratory_Systems_00422AA/H264_800K.mp4,N6753_Circulatory_and_Respiratory_Systems_00422AA/H264_1600k.mp4
D2676703,K7064_All_About_Volcanoes_00103AA/H264_300k.mp4,K7064_All_About_Volcanoes_00103AA/h264_800k.mp4,K7064_All_About_Volcanoes_00103AA/H264_H264_1600k.mp4
D2676710,K7073_All_About_the_Transfer_of_Energy_00117AA/H264_300k.mp4,K7073_All_About_the_Transfer_of_Energy_00117AA/H264_800k.mp4,K7073_All_About_the_Transfer_of_Energy_00117AA/H264_1600k.mp4
D2676717,N6692_Food_Chains_00719AA/H264.mp4,N6692_Food_Chains_00719AA/H264_800k.mp4,N6692_Food_Chains_00719AA/H264_1600k.mp4
D2676719,N6731_Atoms_and_Molecules_00204AA/H264_300k.mp4,N6731_Atoms_and_Molecules_00204AA/H264_800k.mp4,N6731_Atoms_and_Molecules_00204AA/H264_1600k.mp4
D2676721,K7114_All_About_Solids_Liquids_and_Gases_00100AA/H264_300k.mp4,K7114_All_About_Solids_Liquids_and_Gases_00100AA/H264_800k.mp4,K7114_All_About_Solids_Liquids_and_Gases_00100AA/H264_1600k.mp4
D2676723,k7109_all_about_light_00083aa/H264_300k.mp4,k7109_all_about_light_00083aa/H264_800k.mp4,k7109_all_about_light_00083aa/H264_1600k.mp4
D2686332,K7110_All_About_Magnets_00084AA/H264_chap05.mp4,K7110_All_About_Magnets_00084AA/H264_800k_chap05.mp4,K7110_All_About_Magnets_00084AA/H264_1600k_chap05.mp4
D2686454,DSM_O_2_Final/300k.mp4,DSM_O_2_Final/800k.mp4,DSM_O_2_Final/1600k.mp4
D2686457,DSM_O_3_Final/300k.mp4,DSM_O_3_Final/800k.mp4,DSM_O_3_Final/1600k.mp4
D2686458,DSM_O_4_Final/300k.mp4,DSM_O_4_Final/800k.mp4,DSM_O_4_Final/1600k.mp4
D2686461,DSM_O_5_Final/300k.mp4,DSM_O_5_Final/800k.mp4,DSM_O_5_Final/1600k.mp4
D2691359,DSM_O_6_Final/300k.mp4,DSM_O_6_Final/800k.mp4,DSM_O_6_Final/1600k.mp4
D2691362,DSM_O_7_Final/300k.mp4,DSM_O_7_Final/800k.mp4,DSM_O_7_Final/1600k.mp4
D2691373,DSM_O_8_Final/300k.mp4,DSM_O_8_Final/800k.mp4,DSM_O_8_Final/1600k.mp4
D2691376,DSM_O_9_Final/300k.mp4,DSM_O_9_Final/800k.mp4,DSM_O_9_Final/1600k.mp4
D2691377,DSM_O_10_Final/300k.mp4,DSM_O_10_Final/800k.mp4,DSM_O_10_Final/1600k.mp4
D2691380,DSM_O_11_Final/300k.mp4,DSM_O_11_Final/800k.mp4,DSM_O_11_Final/1600k.mp4
D2691381,DSM_O_12_Final/300k.mp4,DSM_O_12_Final/800k.mp4,DSM_O_12_Final/1600k.mp4
D2691384,DSM_O_Assessment_Final/300k.mp4,DSM_O_Assessment_Final/800k.mp4,DSM_O_Assessment_Final/1600k.mp4
D2691385,DSM_O_Overview_Final/300k.mp4,DSM_O_Overview_Final/800k.mp4,DSM_O_Overview_Final/1600k.mp4
D2691388,DSM_P_Assessment_Final/300k.mp4,DSM_P_Assessment_Final/800k.mp4,DSM_P_Assessment_Final/1600k.mp4
D2691389,DSM_P_Overview_Final/300k.mp4,DSM_P_Overview_Final/800k.mp4,DSM_P_Overview_Final/1600k.mp4
D2691392,DSM_P1_Final/300k.mp4,DSM_P1_Final/800k.mp4,DSM_P1_Final/1600k.mp4
D2691393,DSM_P2_Final/300k.mp4,DSM_P2_Final/800k.mp4,DSM_P2_Final/1600k.mp4
D2691396,DSM_P3_Final/300k.mp4,DSM_P3_Final/800k.mp4,DSM_P3_Final/1600k.mp4
D2691397,DSM_P4_Final/300k.mp4,DSM_P4_Final/800k.mp4,DSM_P4_Final/1600k.mp4
D2691400,DSM_P5_Final/300k.mp4,DSM_P5_Final/800k.mp4,DSM_P5_Final/1600k.mp4
D2691401,DSM_P6_Final/300k.mp4,DSM_P6_Final/800k.mp4,DSM_P6_Final/1600k.mp4
D2691404,DSM_P7_Final/300k.mp4,DSM_P7_Final/800k.mp4,DSM_P7_Final/1600k.mp4
D2691406,DSM_P8_Final/300k.mp4,DSM_P8_Final/800k.mp4,DSM_P8_Final/1600k.mp4
D2691409,DSM_P9_Final/300k.mp4,DSM_P9_Final/800k.mp4,DSM_P9_Final/1600k.mp4
D2691410,DSM_O_10_Final/300k.mp4,DSM_O_10_Final/800k.mp4,DSM_O_10_Final/1600k.mp4
D2691413,DSM_O_11_Final/300k.mp4,DSM_O_11_Final/800k.mp4,DSM_O_11_Final/1600k.mp4
D2691414,DSM_P12_Final/300k.mp4,DSM_P12_Final/800k.mp4,DSM_P12_Final/1600k.mp4
D2691417,DSM_P13_Final/300k.mp4,DSM_P13_Final/800k.mp4,DSM_P13_Final/1600k.mp4
D2691418,DSM_PAP_1_Final/300k.mp4,DSM_PAP_1_Final/800k.mp4,DSM_PAP_1_Final/1600k.mp4
D2691421,DSM_PAP_2_Final/300k.mp4,DSM_PAP_2_Final/800k.mp4,DSM_PAP_2_Final/1600k.mp4
D2691422,DSM_PAP_3_Final/300k.mp4,DSM_PAP_3_Final/800k.mp4,DSM_PAP_3_Final/1600k.mp4
D2691425,DSM_P4_Final/300k.mp4,DSM_P4_Final/800k.mp4,DSM_P4_Final/1600k.mp4
D2691541,AW_1-1/300k.mp4,AW_1-1/800k.mp4,AW_1-1/1600k.mp4
D2691543,AW_1-2/300k.mp4,AW_1-2/800k.mp4,AW_1-2/1600k.mp4
D2691545,AW_1-3/300k.mp4,AW_1-3/800k.mp4,AW_1-3/1600k.mp4
D2691547,AW_1-4/300k.mp4,AW_1-4/800k.mp4,AW_1-4/1600k.mp4
D2691549,AW_1-5/300k.mp4,AW_1-5/800k.mp4,AW_1-5/1600k.mp4
D2691551,AW_2-1/300k.mp4,AW_2-1/800k.mp4,AW_2-1/1600k.mp4
D2691553,AW_2-2/300k.mp4,AW_2-2/800k.mp4,AW_2-2/1600k.mp4
D2691555,AW_2-3/300k.mp4,AW_2-3/800k.mp4,AW_2-3/1600k.mp4
D2691557,AW_2-4/300k.mp4,AW_2-4/800k.mp4,AW_2-4/1600k.mp4
D2691559,AW_3-1/300k.mp4,AW_3-1/800k.mp4,AW_3-1/1600k.mp4
D2691561,AW_3-2/300k.mp4,AW_3-2/800k.mp4,AW_3-2/1600k.mp4
D2691563,AW_3-3/300k.mp4,AW_3-3/800k.mp4,AW_3-3/1600k.mp4
D2691565,AW_3-4/300k.mp4,AW_3-4/800k.mp4,AW_3-4/1600k.mp4
D2691567,AW_3-5/300k.mp4,AW_3-5/800k.mp4,AW_3-5/1600k.mp4
D2691569,AW_4-1/300k.mp4,AW_4-1/800k.mp4,AW_4-1/1600k.mp4
D2691571,AW_4-2/300k.mp4,AW_4-2/800k.mp4,AW_4-2/1600k.mp4
D2691573,AW_4-3/300k.mp4,AW_4-3/800k.mp4,AW_4-3/1600k.mp4
D2691575,AW_TX_1-1/300k.mp4,AW_TX_1-1/800k.mp4,AW_TX_1-1/1600k.mp4
D2691577,AW_TX_1-2/300k.mp4,AW_TX_1-2/800k.mp4,AW_TX_1-2/1600k.mp4
D2691579,AW_TX_1-3/300k.mp4,AW_TX_1-3/800k.mp4,AW_TX_1-3/1600k.mp4
D2691581,AW_TX_1-4/300k.mp4,AW_TX_1-4/800k.mp4,AW_TX_1-4/1600k.mp4
D2691583,AW_TX_1-5/300k.mp4,AW_TX_1-5/800k.mp4,AW_TX_1-5/1600k.mp4
D2691585,AW_TX_2-1/300k.mp4,AW_TX_2-1/800k.mp4,AW_TX_2-1/1600k.mp4
D2691587,AW_TX_2-2/300k.mp4,AW_TX_2-2/800k.mp4,AW_TX_2-2/1600k.mp4
D2691589,AW_TX_2-3/300k.mp4,AW_TX_2-3/800k.mp4,AW_TX_2-3/1600k.mp4
D2691591,AW_TX_2-4/300k.mp4,AW_TX_2-4/800k.mp4,AW_TX_2-4/1600k.mp4
D2691593,AW_TX_3-1/300k.mp4,AW_TX_3-1/800k.mp4,AW_TX_3-1/1600k.mp4
D2691595,AW_TX_3-2/300k.mp4,AW_TX_3-2/800k.mp4,AW_TX_3-2/1600k.mp4
D2691597,AW_TX_3-3/300k.mp4,AW_TX_3-3/800k.mp4,AW_TX_3-3/1600k.mp4
D2691599,AW_TX_3-4/300k.mp4,AW_TX_3-4/800k.mp4,AW_TX_3-4/1600k.mp4
D2691601,AW_TX_3-5/300k.mp4,AW_TX_3-5/800k.mp4,AW_TX_3-5/1600k.mp4
D2691603,AW_TX_4-1/300k.mp4,AW_TX_4-1/800k.mp4,AW_TX_4-1/1600k.mp4
D2691605,AW_TX_4-2/300k.mp4,AW_TX_4-2/800k.mp4,AW_TX_4-2/1600k.mp4
D2691607,AW_TX_4-3/300k.mp4,AW_TX_4-3/800k.mp4,AW_TX_4-3/1600k.mp4
D2691610,DSM_O_1_Final/300k.mp4,DSM_O_1_Final/800k.mp4,DSM_O_1_Final/1600k.mp4
D2691624,DSM_PAP_10_Final/300k.mp4,DSM_PAP_10_Final/800k.mp4,DSM_PAP_10_Final/1600k.mp4
D2691626,DSM_PAP_11_Final/300k.mp4,DSM_PAP_11_Final/800k.mp4,DSM_PAP_11_Final/1600k.mp4
D2691628,DSM_PAP_12_Final/300k.mp4,DSM_PAP_12_Final/800k.mp4,DSM_PAP_12_Final/1600k.mp4
D2691630,DSM_PAP_5_Final/300k.mp4,DSM_PAP_5_Final/800k.mp4,DSM_PAP_5_Final/1600k.mp4
D2691632,DSM_PAP_6_Final/300k.mp4,DSM_PAP_6_Final/800k.mp4,DSM_PAP_6_Final/1600k.mp4
D2691634,DSM_PAP_7_Final/300k.mp4,DSM_PAP_7_Final/800k.mp4,DSM_PAP_7_Final/1600k.mp4
D2691636,DSM_PAP_8_Final/300k.mp4,DSM_PAP_8_Final/800k.mp4,DSM_PAP_8_Final/1600k.mp4
D2691638,DSM_PAP_9_Final/300k.mp4,DSM_PAP_9_Final/800k.mp4,DSM_PAP_9_Final/1600k.mp4
D2691640,DSM_PAP_Assessments_Final/300k.mp4,DSM_PAP_Assessments_Final/800k.mp4,DSM_PAP_Assessments_Final/1600k.mp4
D2691642,DSM_PAP_Overview_Final/300k.mp4,DSM_PAP_Overview_Final/800k.mp4,DSM_PAP_Overview_Final/1600k.mp4
D2691675,DSM_SM_Overview_Final/300k.mp4,DSM_SM_Overview_Final/800k.mp4,DSM_SM_Overview_Final/1600k.mp4
D2691678,DSM_SM1_Final/300k.mp4,DSM_SM1_Final/800k.mp4,DSM_SM1_Final/1600k.mp4
D2691681,DSM_SM10_Final/300k.mp4,DSM_SM10_Final/800k.mp4,DSM_SM10_Final/1600k.mp4
D2691684,DSM_SM11_Final/300k.mp4,DSM_SM11_Final/800k.mp4,DSM_SM11_Final/1600k.mp4
D2691687,DSM_SM12_Final/300k.mp4,DSM_SM12_Final/800k.mp4,DSM_SM12_Final/1600k.mp4
D2691690,DSM_SM2_Final/300k.mp4,DSM_SM2_Final/800k.mp4,DSM_SM2_Final/1600k.mp4
D2691693,DSM_SM3_Final/300k.mp4,DSM_SM3_Final/800k.mp4,DSM_SM3_Final/1600k.mp4
D2691696,DSM_SM4_Final/300k.mp4,DSM_SM4_Final/800k.mp4,DSM_SM4_Final/1600k.mp4
D2691699,DSM_SM5_Final/300k.mp4,DSM_SM5_Final/800k.mp4,DSM_SM5_Final/1600k.mp4
D2691702,DSM_SM6_Final/300k.mp4,DSM_SM6_Final/800k.mp4,DSM_SM6_Final/1600k.mp4
D2691705,DSM_SM7_Final/300k.mp4,DSM_SM7_Final/800k.mp4,DSM_SM7_Final/1600k.mp4
D2691708,DSM_SM8_Final/300k.mp4,DSM_SM8_Final/800k.mp4,DSM_SM8_Final/1600k.mp4
D2691711,DSM_SM9_Final/300k.mp4,DSM_SM9_Final/800k.mp4,DSM_SM9_Final/1600k.mp4
D2691715,DSM_SS_Assessment_Final/300k.mp4,DSM_SS_Assessment_Final/800k.mp4,DSM_SS_Assessment_Final/1600k.mp4
D2691717,DSM_SS_Overview_Final/300k.mp4,DSM_SS_Overview_Final/800k.mp4,DSM_SS_Overview_Final/1600k.mp4
D2691720,DSM_SS1_Final/300k.mp4,DSM_SS1_Final/800k.mp4,DSM_SS1_Final/1600k.mp4
D2691723,DSM_SS10_Final/300k.mp4,DSM_SS10_Final/800k.mp4,DSM_SS10_Final/1600k.mp4
D2691726,DSM_SS11_Final/300k.mp4,DSM_SS11_Final/800k.mp4,DSM_SS11_Final/1600k.mp4
D2691729,DSM_SS12_Final/300k.mp4,DSM_SS12_Final/800k.mp4,DSM_SS12_Final/1600k.mp4
D2691732,DSM_SS2_Final/300k.mp4,DSM_SS2_Final/800k.mp4,DSM_SS2_Final/1600k.mp4
D2691735,DSM_SS3_Final/300k.mp4,DSM_SS3_Final/800k.mp4,DSM_SS3_Final/1600k.mp4
D2691738,DSM_SS4_Final/300k.mp4,DSM_SS4_Final/800k.mp4,DSM_SS4_Final/1600k.mp4
D2691741,DSM_SS5_Final/300k.mp4,DSM_SS5_Final/800k.mp4,DSM_SS5_Final/1600k.mp4
D2691744,DSM_SS6_Final/300k.mp4,DSM_SS6_Final/800k.mp4,DSM_SS6_Final/1600k.mp4
D2691747,DSM_SS7_Final/300k.mp4,DSM_SS7_Final/800k.mp4,DSM_SS7_Final/1600k.mp4
D2691750,DSM_SS8_Final/300k.mp4,DSM_SS8_Final/800k.mp4,DSM_SS8_Final/1600k.mp4
D2691753,DSM_SS9_Final/300k.mp4,DSM_SS9_Final/800k.mp4,DSM_SS9_Final/1600k.mp4
D2691757,DSM_WI_Assessment_Final/300k.mp4,DSM_WI_Assessment_Final/800k.mp4,DSM_WI_Assessment_Final/1600k.mp4
D2691759,DSM_WI_Overview_Final/300k.mp4,DSM_WI_Overview_Final/800k.mp4,DSM_WI_Overview_Final/1600k.mp4
D2691762,DSM_WI_1_Final/300k.mp4,DSM_WI_1_Final/800k.mp4,DSM_WI_1_Final/1600k.mp4
D2691765,DSM_WI_10_Final/300k.mp4,DSM_WI_10_Final/800k.mp4,DSM_WI_10_Final/1600k.mp4
D2691774,DSM_WI_2_Final/300k.mp4,DSM_WI_2_Final/800k.mp4,DSM_WI_2_Final/1600k.mp4
D2691777,DSM_WI_3_Final/300k.mp4,DSM_WI_3_Final/800k.mp4,DSM_WI_3_Final/1600k.mp4
D2691780,DSM_WI_4_Final/300k.mp4,DSM_WI_4_Final/800k.mp4,DSM_WI_4_Final/1600k.mp4
D2691783,DSM_WI_5_Final/300k.mp4,DSM_WI_5_Final/800k.mp4,DSM_WI_5_Final/1600k.mp4
D2691786,DSM_WI_6_Final/300k.mp4,DSM_WI_6_Final/800k.mp4,DSM_WI_6_Final/1600k.mp4
D2691789,DSM_WI_7_Final/300k.mp4,DSM_WI_7_Final/800k.mp4,DSM_WI_7_Final/1600k.mp4
D2691792,DSM_WI_8_Final/300k.mp4,DSM_WI_8_Final/800k.mp4,DSM_WI_8_Final/1600k.mp4
D2691795,DSM_WI_9_Final/300k.mp4,DSM_WI_9_Final/800k.mp4,DSM_WI_9_Final/1600k.mp4
D2691799,DSM_WS_1_Final/300k.mp4,DSM_WS_1_Final/800k.mp4,DSM_WS_1_Final/1600k.mp4
D2691801,DSM_WS_10_Final/300k.mp4,DSM_WS_10_Final/800k.mp4,DSM_WS_10_Final/1600k.mp4
D2691803,DSM_WS_11_Final/300k.mp4,DSM_WS_11_Final/800k.mp4,DSM_WS_11_Final/1600k.mp4
D2691805,DSM_WS_12_Final/300k.mp4,DSM_WS_12_Final/800k.mp4,DSM_WS_12_Final/1600k.mp4
D2691807,DSM_WS_2_Final/300k.mp4,DSM_WS_2_Final/800k.mp4,DSM_WS_2_Final/1600k.mp4
D2691809,DSM_WS_3_Final/300k.mp4,DSM_WS_3_Final/800k.mp4,DSM_WS_3_Final/1600k.mp4
D2691811,DSM_WS_4_Final/300k.mp4,DSM_WS_4_Final/800k.mp4,DSM_WS_4_Final/1600k.mp4
D2691813,DSM_WS_5_Final/300k.mp4,DSM_WS_5_Final/800k.mp4,DSM_WS_5_Final/1600k.mp4
D2691815,DSM_WS_6_Final/300k.mp4,DSM_WS_6_Final/800k.mp4,DSM_WS_6_Final/1600k.mp4
D2691817,DSM_WS_7_Final/300k.mp4,DSM_WS_7_Final/800k.mp4,DSM_WS_7_Final/1600k.mp4
D2691819,DSM_WS_8_Final/300k.mp4,DSM_WS_8_Final/800k.mp4,DSM_WS_8_Final/1600k.mp4
D2691821,DSM_WS_9_Final/300k.mp4,DSM_WS_9_Final/800k.mp4,DSM_WS_9_Final/1600k.mp4
D2691823,DSM_WS_Assessment_Final/300k.mp4,DSM_WS_Assessment_Final/800k.mp4,DSM_WS_Assessment_Final/1600k.mp4
D2691825,DSM_WS_Overview_Final/300k.mp4,DSM_WS_Overview_Final/800k.mp4,DSM_WS_Overview_Final/1600k.mp4
D2691859,N6751_The_Brain_and_The_Nervous_System_01851AA/H264.mp4,N6751_The_Brain_and_The_Nervous_System_01851AA/H264_800k.mp4,N6751_The_Brain_and_The_Nervous_System_01851AA/H264_1600k.mp4
D2753260,BM_1-1/300k.mp4,BM_1-1/800k.mp4,BM_1-1/1600k.mp4
D2753263,BM_1-2/300k.mp4,BM_1-2/800k.mp4,BM_1-2/1600k.mp4
D2753266,BM_1-3/300k.mp4,BM_1-3/800k.mp4,BM_1-3/1600k.mp4
D2753269,BM_1-4/300k.mp4,BM_1-4/800k.mp4,BM_1-4/1600k.mp4
D2753271,BM_2-1/300k.mp4,BM_2-1/800k.mp4,BM_2-1/1600k.mp4
D2753274,BM_2-2/300k.mp4,BM_2-2/800k.mp4,BM_2-2/1600k.mp4
D2753277,BM_2-3/300k.mp4,BM_2-3/800k.mp4,BM_2-3/1600k.mp4
D2753280,BM_3-1/300k.mp4,BM_3-1/800k.mp4,BM_3-1/1600k.mp4
D2753283,BM_3-2/300k.mp4,BM_3-2/800k.mp4,BM_3-2/1600k.mp4
D2753286,BM_3-3/300k.mp4,BM_3-3/800k.mp4,BM_3-3/1600k.mp4
D2753289,BM_3-4/300k.mp4,BM_3-4/800k.mp4,BM_3-4/1600k.mp4
D2753292,BM_4-1/300k.mp4,BM_4-1/800k.mp4,BM_4-1/1600k.mp4
D2753295,BM_4-2/300k.mp4,BM_4-2/800k.mp4,BM_4-2/1600k.mp4
D2753298,BM_4-3/300k.mp4,BM_4-3/800k.mp4,BM_4-3/1600k.mp4
D2753301,BM_5-1/300k.mp4,BM_5-1/800k.mp4,BM_5-1/1600k.mp4
D2753304,BM_5-2/300k.mp4,BM_5-2/800k.mp4,BM_5-2/1600k.mp4
D2753307,BM_TX_1-1/300k.mp4,BM_TX_1-1/800k.mp4,BM_TX_1-1/1600k.mp4
D2753310,BM_TX_1-2/300k.mp4,BM_TX_1-2/800k.mp4,BM_TX_1-2/1600k.mp4
D2753313,BM_TX_1-3/300k.mp4,BM_TX_1-3/800k.mp4,BM_TX_1-3/1600k.mp4
D2753316,BM_TX_1-4/300k.mp4,BM_TX_1-4/800k.mp4,BM_TX_1-4/1600k.mp4
D2753318,BM_TX_2-1/300k.mp4,BM_TX_2-1/800k.mp4,BM_TX_2-1/1600k.mp4
D2753320,BM_TX_2-2/300k.mp4,BM_TX_2-2/800k.mp4,BM_TX_2-2/1600k.mp4
D2753322,BM_TX_2-3/300k.mp4,BM_TX_2-3/800k.mp4,BM_TX_2-3/1600k.mp4
D2753324,BM_TX_3-1/300k.mp4,BM_TX_3-1/800k.mp4,BM_TX_3-1/1600k.mp4
D2753326,BM_TX_3-2/300k.mp4,BM_TX_3-2/800k.mp4,BM_TX_3-2/1600k.mp4
D2753328,BM_TX_3-3/300k.mp4,BM_TX_3-3/800k.mp4,BM_TX_3-3/1600k.mp4
D2753330,BM_TX_3-4/300k.mp4,BM_TX_3-4/800k.mp4,BM_TX_3-4/1600k.mp4
D2753332,BM_TX_4-1/300k.mp4,BM_TX_4-1/800k.mp4,BM_TX_4-1/1600k.mp4
D2753334,BM_TX_4-2/300k.mp4,BM_TX_4-2/800k.mp4,BM_TX_4-2/1600k.mp4
D2753336,BM_TX_4-3/300k.mp4,BM_TX_4-3/800k.mp4,BM_TX_4-3/1600k.mp4
D2753344,IP_TX_1-1/300k.mp4,IP_TX_1-1/800k.mp4,IP_TX_1-1/1600k.mp4
D2753347,IP_TX_1-2/300k.mp4,IP_TX_1-2/800k.mp4,IP_TX_1-2/1600k.mp4
D2753350,IP_TX_1-3/300k.mp4,IP_TX_1-3/800k.mp4,IP_TX_1-3/1600k.mp4
D2753352,IP_TX_2-1/300k.mp4,IP_TX_2-1/800k.mp4,IP_TX_2-1/1600k.mp4
D2753354,IP_TX_2-2/300k.mp4,IP_TX_2-2/800k.mp4,IP_TX_2-2/1600k.mp4
D2753356,IP_TX_2-3/300k.mp4,IP_TX_2-3/800k.mp4,IP_TX_2-3/1600k.mp4
D2753358,IP_TX_3-1/300k.mp4,IP_TX_3-1/800k.mp4,IP_TX_3-1/1600k.mp4
D2753360,IP_TX_3-2/300k.mp4,IP_TX_3-2/800k.mp4,IP_TX_3-2/1600k.mp4
D2753362,IP_TX_3-3/300k.mp4,IP_TX_3-3/800k.mp4,IP_TX_3-3/1600k.mp4
D2753364,IP_TX_3-4/300k.mp4,IP_TX_3-4/800k.mp4,IP_TX_3-4/1600k.mp4
D2753366,IP_TX_4-1/300k.mp4,IP_TX_4-1/800k.mp4,IP_TX_4-1/1600k.mp4
D2753368,IP_TX_4-2/300k.mp4,IP_TX_4-2/800k.mp4,IP_TX_4-2/1600k.mp4
D2753370,IP_TX_4-3/300k.mp4,IP_TX_4-3/800k.mp4,IP_TX_4-3/1600k.mp4
D2753372,IP_TX_5-1/300k.mp4,IP_TX_5-1/800k.mp4,IP_TX_5-1/1600k.mp4
D2753374,IP_TX_5-2/300k.mp4,IP_TX_5-2/800k.mp4,IP_TX_5-2/1600k.mp4
D2753378,PA_TX_1-1/300k.mp4,PA_TX_1-1/800k.mp4,PA_TX_1-1/1600k.mp4
D2753381,PA_TX_1-2/300k.mp4,PA_TX_1-2/800k.mp4,PA_TX_1-2/1600k.mp4
D2753384,PA_TX_1-3/300k.mp4,PA_TX_1-3/800k.mp4,PA_TX_1-3/1600k.mp4
D2753387,PA_TX_1-4/300k.mp4,PA_TX_1-4/800k.mp4,PA_TX_1-4/1600k.mp4
D2753389,PA_TX_2-1/300k.mp4,PA_TX_2-1/800k.mp4,PA_TX_2-1/1600k.mp4
D2753391,PA_TX_2-2/300k.mp4,PA_TX_2-2/800k.mp4,PA_TX_2-2/1600k.mp4
D2753393,PA_TX_2-3/300k.mp4,PA_TX_2-3/800k.mp4,PA_TX_2-3/1600k.mp4
D2753395,PA_TX_3-1/300k.mp4,PA_TX_3-1/800k.mp4,PA_TX_3-1/1600k.mp4
D2753397,PA_TX_3-2/300k.mp4,PA_TX_3-2/800k.mp4,PA_TX_3-2/1600k.mp4
D2753399,PA_TX_3-3/300k.mp4,PA_TX_3-3/800k.mp4,PA_TX_3-3/1600k.mp4
D2753401,PA_TX_3-4/300k.mp4,PA_TX_3-4/800k.mp4,PA_TX_3-4/1600k.mp4
D2753403,PA_TX_4-1/300k.mp4,PA_TX_4-1/800k.mp4,PA_TX_4-1/1600k.mp4
D2753405,PA_TX_4-2/300k.mp4,PA_TX_4-2/800k.mp4,PA_TX_4-2/1600k.mp4
D2753407,PA_TX_4-3/300k.mp4,PA_TX_4-3/800k.mp4,PA_TX_4-3/1600k.mp4
D2753415,RSA_TX_1-1/300k.mp4,RSA_TX_1-1/800k.mp4,RSA_TX_1-1/1600k.mp4
D2753418,RSA_TX_1-2/300k.mp4,RSA_TX_1-2/800k.mp4,RSA_TX_1-2/1600k.mp4
D2753421,RSA_TX_1-3/300k.mp4,RSA_TX_1-3/800k.mp4,RSA_TX_1-3/1600k.mp4
D2753424,RSA_TX_1-4/300k.mp4,RSA_TX_1-4/800k.mp4,RSA_TX_1-4/1600k.mp4
D2753427,RSA_TX_1-5/300k.mp4,RSA_TX_1-5/800k.mp4,RSA_TX_1-5/1600k.mp4
D2753429,RSA_TX_2-1/300k.mp4,RSA_TX_2-1/800k.mp4,RSA_TX_2-1/1600k.mp4
D2753431,RSA_TX_2-2/300k.mp4,RSA_TX_2-2/800k.mp4,RSA_TX_2-2/1600k.mp4
D2753433,RSA_TX_2-3/300k.mp4,RSA_TX_2-3/800k.mp4,RSA_TX_2-3/1600k.mp4
D2753435,RSA_TX_3-1/300k.mp4,RSA_TX_3-1/800k.mp4,RSA_TX_3-1/1600k.mp4
D2753437,RSA_TX_3-2/300k.mp4,RSA_TX_3-2/800k.mp4,RSA_TX_3-2/1600k.mp4
D2753439,RSA_TX_3-3/300k.mp4,RSA_TX_3-3/800k.mp4,RSA_TX_3-3/1600k.mp4
D2753441,RSA_TX_3-4/300k.mp4,RSA_TX_3-4/800k.mp4,RSA_TX_3-4/1600k.mp4
D2753443,RSA_TX_4-1/300k.mp4,RSA_TX_4-1/800k.mp4,RSA_TX_4-1/1600k.mp4
D2753445,RSA_TX_4-2/300k.mp4,RSA_TX_4-2/800k.mp4,RSA_TX_4-2/1600k.mp4
D2753447,RSA_TX_4-3/300k.mp4,RSA_TX_4-3/800k.mp4,RSA_TX_4-3/1600k.mp4
D2753455,SL_TX_1-1/300k.mp4,SL_TX_1-1/800k.mp4,SL_TX_1-1/1600k.mp4
D2753458,SL_TX_1-2/300k.mp4,SL_TX_1-2/800k.mp4,SL_TX_1-2/1600k.mp4
D2753461,SL_TX_1-3/300k.mp4,SL_TX_1-3/800k.mp4,SL_TX_1-3/1600k.mp4
D2753464,SL_TX_1-4/300k.mp4,SL_TX_1-4/800k.mp4,SL_TX_1-4/1600k.mp4
D2753467,SL_TX_1-5/300k.mp4,SL_TX_1-5/800k.mp4,SL_TX_1-5/1600k.mp4
D2753469,SL_TX_2-1/300k.mp4,SL_TX_2-1/800k.mp4,SL_TX_2-1/1600k.mp4
D2753471,SL_TX_2-2/300k.mp4,SL_TX_2-2/800k.mp4,SL_TX_2-2/1600k.mp4
D2753473,SL_TX_2-3/300k.mp4,SL_TX_2-3/800k.mp4,SL_TX_2-3/1600k.mp4
D2753475,SL_TX_2-4/300k.mp4,SL_TX_2-4/800k.mp4,SL_TX_2-4/1600k.mp4
D2753477,SL_TX_3-1/300k.mp4,SL_TX_3-1/800k.mp4,SL_TX_3-1/1600k.mp4
D2753479,SL_TX_3-2/300k.mp4,SL_TX_3-2/800k.mp4,SL_TX_3-2/1600k.mp4
D2753481,SL_TX_3-3/300k.mp4,SL_TX_3-3/800k.mp4,SL_TX_3-3/1600k.mp4
D2753483,SL_TX_3-4/300k.mp4,SL_TX_3-4/800k.mp4,SL_TX_3-4/1600k.mp4
D2753485,SL_TX_4-1/300k.mp4,SL_TX_4-1/800k.mp4,SL_TX_4-1/1600k.mp4
D2753487,SL_TX_4-2/300k.mp4,SL_TX_4-2/800k.mp4,SL_TX_4-2/1600k.mp4
D2753489,SL_TX_4-3/300k.mp4,SL_TX_4-3/800k.mp4,SL_TX_4-3/1600k.mp4
D2753491,SL_TX_4-4/300k.mp4,SL_TX_4-4/800k.mp4,SL_TX_4-4/1600k.mp4
D2753493,SL_TX_5-1/300k.mp4,SL_TX_5-1/800k.mp4,SL_TX_5-1/1600k.mp4
D2753495,SL_TX_5-2/300k.mp4,SL_TX_5-2/800k.mp4,SL_TX_5-2/1600k.mp4
D2754062,IP_1-3/300k.mp4,IP_1-3/800k.mp4,IP_1-3/1600k.mp4
D2754064,IP_1-2/300k.mp4,IP_1-2/800k.mp4,IP_1-2/1600k.mp4
D2754065,IP_1-1/300k.mp4,IP_1-1/800k.mp4,IP_1-1/1600k.mp4
D2754067,PSS_1-1/300k.mp4,PSS_1-1/800k.mp4,PSS_1-1/1600k.mp4
D2754069,PSS_1-4/300k.mp4,PSS_1-4/800k.mp4,PSS_1-4/1600k.mp4
D2754071,PSS_1-3/300k.mp4,PSS_1-3/800k.mp4,PSS_1-3/1600k.mp4
D2754074,PSS_1-2/300k.mp4,PSS_1-2/800k.mp4,PSS_1-2/1600k.mp4
D2754075,PSS_1-1/300k.mp4,PSS_1-1/800k.mp4,PSS_1-1/1600k.mp4
D2754078,SL_1-4/300k.mp4,SL_1-4/800k.mp4,SL_1-4/1600k.mp4
D2754080,SL_1-3/300k.mp4,SL_1-3/800k.mp4,SL_1-3/1600k.mp4
D2754083,SL_1-2/300k.mp4,SL_1-2/800k.mp4,SL_1-2/1600k.mp4
D2754084,SL_1-1/300k.mp4,SL_1-1/800k.mp4,SL_1-1/1600k.mp4
D2758272,IP_TX_2-4/300k.mp4,IP_TX_2-4/800k.mp4,IP_TX_2-4/1600k.mp4
D2758274,IP_TX_4-4/300k.mp4,IP_TX_4-4/800k.mp4,IP_TX_4-4/1600k.mp4
D2758276,IP_TX_5-3/300k.mp4,IP_TX_5-3/800k.mp4,IP_TX_5-3/1600k.mp4
D2758277,IP_TX_5-4/300k.mp4,IP_TX_5-4/800k.mp4,IP_TX_5-4/1600k.mp4
D2758280,SL_TX_3-5/300k.mp4,SL_TX_3-5/800k.mp4,SL_TX_3-5/1600k.mp4
D2758283,SL_TX_4-5/300k.mp4,SL_TX_4-5/800k.mp4,SL_TX_4-5/1600k.mp4
D2758302,EH_Colorado_Plateau2/300k.mp4,EH_Colorado_Plateau2/800k.mp4,EH_Colorado_Plateau2/1600k.mp4
D2758304,EH_divergent/300k.mp4,EH_divergent/800k.mp4,EH_divergent/1600k.mp4
D2758306,EH_EDCycleLayered_draft01/300k.mp4,EH_EDCycleLayered_draft01/800k.mp4,EH_EDCycleLayered_draft01/1600k.mp4
D2758308,EH_faulting_compilation/300k.mp4,EH_faulting_compilation/800k.mp4,EH_faulting_compilation/1600k.mp4
D2758310,EH_Faulting03/300k.mp4,EH_Faulting03/800k.mp4,EH_Faulting03/1600k.mp4
D2758312,EH_Folding02_20131023/300k.mp4,EH_Folding02_20131023/800k.mp4,EH_Folding02_20131023/1600k.mp4
D2758314,EH_FOSS_Streamtable_setUp_Export2/300k.mp4,EH_FOSS_Streamtable_setUp_Export2/800k.mp4,EH_FOSS_Streamtable_setUp_Export2/1600k.mp4
D2758316,EH_FrostWedging01_draft05/300k.mp4,EH_FrostWedging01_draft05/800k.mp4,EH_FrostWedging01_draft05/1600k.mp4
D2758318,EH_GCFlyover04_trialfinal/300k.mp4,EH_GCFlyover04_trialfinal/800k.mp4,EH_GCFlyover04_trialfinal/1600k.mp4
D2758320,EH_Metamorphism_draft02/300k.mp4,EH_Metamorphism_draft02/800k.mp4,EH_Metamorphism_draft02/1600k.mp4
D2758322,EH_reverse/300k.mp4,EH_reverse/800k.mp4,EH_reverse/1600k.mp4
D2758324,EH_SedimentaryFormation_limestone06_20131016/300k.mp4,EH_SedimentaryFormation_limestone06_20131016/800k.mp4,EH_SedimentaryFormation_limestone06_20131016/1600k.mp4
D2758326,EH_SedimentaryFormation_sandstone04_20131015/300k.mp4,EH_SedimentaryFormation_sandstone04_20131015/800k.mp4,EH_SedimentaryFormation_sandstone04_20131015/1600k.mp4
D2758330,EH_transverse/300k.mp4,EH_transverse/800k.mp4,EH_transverse/1600k.mp4
D2758332,EH_VolcanicExtrusive02/300k.mp4,EH_VolcanicExtrusive02/800k.mp4,EH_VolcanicExtrusive02/1600k.mp4
D2758334,EH_VolcanicIntrusive02/300k.mp4,EH_VolcanicIntrusive02/800k.mp4,EH_VolcanicIntrusive02/1600k.mp4
D2758359,EH_Stream_Table_high_vs_low_flow/300k.mp4,EH_Stream_Table_high_vs_low_flow/800k.mp4,EH_Stream_Table_high_vs_low_flow/1600k.mp4
D2758361,EH_Stream_Table_high_vs_low_slope/300k.mp4,EH_Stream_Table_high_vs_low_slope/800k.mp4,EH_Stream_Table_high_vs_low_slope/1600k.mp4
D2758363,EH_Stream_Table_homogeneous_vs_hetero/300k.mp4,EH_Stream_Table_homogeneous_vs_hetero/800k.mp4,EH_Stream_Table_homogeneous_vs_hetero/1600k.mp4