Filename (1600k),Filename (800k),Filename (300k)
J1140_Summer_05275AA_H264/1600k.mp4,J1140_Summer_05275AA_H264/800k.mp4,J1140_Summer_05275AA_H264/300k.mp4
K7012_All_About_the_Earth_00110AA_H264/1600k.mp4,K7012_All_Abou_00110AA_H264/800k.mp4,k7012_all_about_the_earth_00110aa/H264.mp4
K7013_All_About_the_Moon_00112AA_H264/1600k.mp4,K7013_All_About_the_Moon_00112AA_h264/800k.mp4,K7013_All_About_the_Moon_00112AA_H264/300k.mp4
K7015_All_About_The_Sun_00116AA_H264/1600k.mp4,K7015_All_abou_edit_00116AA_H264/800k.mp4,k7015_all_about_the_sun_00116aa/H264.mp4
K7060_All_Abou_00088AA_H264/1600k.mp4,K7060_All_Abou_00088AA_H264/800k.mp4,k7060_all_about_natural_resources_00088aa/H264.mp4
K7062_All_Abou_00099AA_H264/1600k.mp4,K7062_All_Abou_00099AA_H264/800k.mp4,k7062_all_about_soil_00099aa/H264.mp4
K7063_All_Abou_00102AA_H264/1600k.mp4,K7063_All_Abou_00102AA_H264/800k.mp4,k7063_all_about_the_water_cycle_00102aa/H264.mp4
K7064_All_About_Volcanoes_00103AA_H264_H264/1600k.mp4,K7064_All_About_Volcanoes_00103AA_h264/800k.mp4,K7064_All_About_Volcanoes_00103AA_H264/300k.mp4
K7065_All_Abou_00106AA_H264/1600k.mp4,K7065_All_Abou_00106AA_H264/800k.mp4,k7065_all_about_weathering_and_erosion_00106aa/H264.mp4
K7075_What_Is__02335AA_H264/1600k.mp4,K7075_What_Is__02335AA_H264/800k.mp4,k7075_what_is_energy_02335aa/H264.mp4
k7109_all_about_light_00083aa_H264/1600k.mp4,k7109_all_about_light_00083aa_H264/800k.mp4,k7109_all_about_light_00083aa_H264/300k.mp4
K7110_All_Abou_00084AA_H264/1600k.mp4,K7110_All_Abou_00084AA_H264/800k.mp4,k7110_all_about_magnets_00084aa/H264.mp4
K7112_All_Abou_00094AA_H264/1600k.mp4,K7112_All_Abou_00094AA_H264/800k.mp4,k7112_all_about_properties_of_matter_00094aa/H264.mp4
N6608_Fossils_00724AA_H264/1600k.mp4,n6608_fossils_00724aa_H264/800k.mp4,n6608_fossils_00724aa/H264.mp4
N6610_Land_For_01024AA_H264/1600k.mp4,n6610_land_formations_01024aa_H264/800k.mp4,n6610_land_formations_01024aa/H264.mp4
n6618_the_water_cycle_02154aa_H264/1600k.mp4,n6618_the_water_cycle_02154aa_H264/800k.mp4,n6618_the_water_cycle_02154aa_H264/300k.mp4
n6619_weathering_and_erosion_02323aa_H264/1600k.mp4,n6619_weathering_and_erosion_02323aa_H264/800k.mp4,n6619_weathering_and_erosion_02323aa_H264/300k.mp4
n6641_climate_and_season_00441aa_H264/1600k.mp4,n6641_climate_and_season_00441aa_H264/800k.mp4,n6641_climate_and_season_00441aa_H264/300k.mp4
n6643_hurricanes_and_tornadoes_00895aa_H264/1600k.mp4,n6643_hurricanes_and_tornadoes_00895aa_H264/800k.mp4,n6643_hurricanes_and_tornadoes_00895aa_H264/300k.mp4
n6644_meteorology_01157aa_H264/1600k.mp4,n6644_meteorology_01157aa_H264/800k.mp4,n6644_meteorology_01157aa_H264/300k.mp4
N6672_Earth_00585AA_H264/1600k.mp4,n6672_earth_00585aa_H264/800k.mp4,n6672_earth_00585aa/H264.mp4
n6673_earths_atmosphere_00587aa_H264/1600k.mp4,n6673_earths_atmosphere_00587aa_H264/800k.mp4,n6673_earths_atmosphere_00587aa_H264/300k.mp4
N6674_Moon_01181AA_H264/1600k.mp4,n6674_moon_01181aa_H264/800k.mp4,n6674_moon_01181aa/H264.mp4
N6678_Sun_0178_01781AA_H264/1600k.mp4,n6678_sun_01781aa_H264/800k.mp4,n6678_sun_01781aa/H264.mp4
N6735_Elements_00620AA_h264/1600k.mp4,N6735_Elements_00620AA_h264/800k.mp4,n6735_elements_compounds_and_mixtures_00620aa/H264.mp4
SCC_Properties_of_Materials_08445AA_H264/1600k.mp4,SCC_Properties_of_Materials_08445AA_H264/800k.mp4,scc_properties_of_materials_08445aa/H264.mp4
SCC_Solids_and_Liquids_08443AA_H264/1600k.mp4,SCC_Solids_and_Liquids_08443AA_H264/800k.mp4,scc_solids_and_liquids_08443aa/H264.mp4
VideoPostergenericHD/1600k.mp4,VideoPostergenericHD/300k.mp4,VideoPostergenericHD/800k.mp4